ra_game_id,title,category,achievements,ra_hashes,status,local_roms,local_releases,dat_entries,dat_games,nointro_db_files,nointro_db_titles,local_sources
228,Super Mario World,Official,89,6,local,5,"Super Mario World - Super Mario Bros. 4 (Japan),Super Mario World (USA)",4,"Super Mario World - Super Mario Bros. 4 (Japan),Super Mario World (USA)",0,,"nointro,retroachievements"
232,Super Mario Kart,Official,47,4,local,3,"Super Mario Kart (USA),Super Mario Kart (Japan),Super Mario Kart (Europe)",6,"Super Mario Kart (USA),Super Mario Kart (Japan),Super Mario Kart (Europe)",0,,"nointro,retroachievements"
234,Road Runner's Death Valley Rally,Official,41,1,local,1,Road Runner's Death Valley Rally (USA),2,Road Runner's Death Valley Rally (USA),0,,"nointro,retroachievements"
236,Super Metroid,Official,69,3,local,1,"Super Metroid (Japan, USA) (En,Ja)",2,"Super Metroid (Japan, USA) (En,Ja)",0,,"nointro,retroachievements"
237,Rock n' Roll Racing,Official,35,3,local,3,"Rock N' Roll Racing (USA),Rock 'N' Roll Racing (Europe)",4,"Rock N' Roll Racing (USA),Rock 'N' Roll Racing (Europe)",0,,"nointro,retroachievements"
238,Goof Troop,Official,28,5,local,5,"Goof Troop (France),Goof Troop (Europe),Goof Troop (USA)",6,"Goof Troop (France),Goof Troop (Europe),Goof Troop (USA)",0,,"nointro,retroachievements"
241,Biker Mice from Mars,Official,40,1,local,1,Biker Mice from Mars (USA),2,Biker Mice from Mars (USA),0,,"nointro,retroachievements"
242,Terranigma,Official,98,28,local,26,"Terranigma (Germany),Terranigma (Germany) (Rev 1),Terranigma (Spain),Tenchi Souzou (Japan),Terranigma (France),Terranigma (Europe)",12,"Terranigma (Germany),Terranigma (Germany) (Rev 1),Terranigma (Spain),Tenchi Souzou (Japan),Terranigma (France),Terranigma (Europe)",0,,"nointro,retroachievements"
244,BS Super Aleste,Official,86,3,local,2,Super Aleste (Japan),2,Super Aleste (Japan),0,,"nointro,retroachievements"
245,Flashback: The Quest for Identity,Official,30,4,local,4,"Flashback - The Quest for Identity (USA) (En,Fr,De),Flashback (Europe) (En,Fr,De),Flashback (Japan)",6,"Flashback - The Quest for Identity (USA) (En,Fr,De),Flashback (Europe) (En,Fr,De),Flashback (Japan)",0,,"nointro,retroachievements"
251,International Superstar Soccer,Official,54,1,local,1,International Superstar Soccer (USA),2,International Superstar Soccer (USA),0,,"nointro,retroachievements"
252,F-Zero,Official,62,4,local,2,F-Zero (USA),2,F-Zero (USA),0,,"nointro,retroachievements"
253,Super Mario All-Stars,Official,111,3,local,3,"Super Mario All-Stars (USA),Super Mario All-Stars (Europe)",4,"Super Mario All-Stars (USA),Super Mario All-Stars (Europe)",0,,"nointro,retroachievements"
255,Daffy Duck: The Marvin Missions,Official,6,1,local,1,Daffy Duck - The Marvin Missions (USA),2,Daffy Duck - The Marvin Missions (USA),0,,"nointro,retroachievements"
259,Final Fantasy II,Official,21,3,local,2,"Final Fantasy II (USA) (Rev 1),Final Fantasy II (USA)",4,"Final Fantasy II (USA) (Rev 1),Final Fantasy II (USA)",0,,"nointro,retroachievements"
261,Speedy Gonzales: Los Gatos Bandidos,Official,101,4,local,4,"Speedy Gonzales - Los Gatos Bandidos (USA) (Rev 1),Speedy Gonzales - Los Gatos Bandidos (USA)",4,"Speedy Gonzales - Los Gatos Bandidos (USA) (Rev 1),Speedy Gonzales - Los Gatos Bandidos (USA)",0,,"nointro,retroachievements"
264,EarthBound,Official,105,21,local,19,EarthBound (USA),2,EarthBound (USA),0,,"nointro,retroachievements"
267,Pilotwings,Official,31,3,local,2,"Pilotwings (USA),Pilotwings (Europe)",4,"Pilotwings (USA),Pilotwings (Europe)",0,,"nointro,retroachievements"
268,Toy Story,Official,31,4,local,3,"Toy Story (Europe) (En,Fr,De),Toy Story (USA),Toy Story (Japan)",6,"Toy Story (Europe) (En,Fr,De),Toy Story (USA),Toy Story (Japan)",0,,"nointro,retroachievements"
269,Batman Returns,Official,47,3,local,2,"Batman Returns (USA),Batman Returns (Japan) (En)",4,"Batman Returns (USA),Batman Returns (Japan) (En)",0,,"nointro,retroachievements"
270,ActRaiser,Official,66,2,local,1,ActRaiser (USA),2,ActRaiser (USA),0,,"nointro,retroachievements"
271,~Prototype~ Batman: Revenge of the Joker,Prototype,21,1,local,1,Batman - Revenge of the Joker (USA) (Proto),2,Batman - Revenge of the Joker (USA) (Proto),0,,"nointro,retroachievements"
273,Alien 3,Official,42,6,local,5,"Alien 3 (USA),Alien 3 (Europe)",4,"Alien 3 (USA),Alien 3 (Europe)",0,,"nointro,retroachievements"
274,U.N. Squadron,Official,28,2,local,1,U.N. Squadron (USA),2,U.N. Squadron (USA),0,,"nointro,retroachievements"
279,Killer Instinct,Official,53,2,local,1,Killer Instinct (USA) (Rev 1),2,Killer Instinct (USA) (Rev 1),0,,"nointro,retroachievements"
281,RoboCop 3,Official,21,1,local,1,RoboCop 3 (USA),2,RoboCop 3 (USA),0,,"nointro,retroachievements"
283,Nosferatu,Official,14,1,local,1,Nosferatu (USA),2,Nosferatu (USA),0,,"nointro,retroachievements"
286,International Superstar Soccer Deluxe,Official,75,2,local,2,"International Superstar Soccer Deluxe (USA),International Superstar Soccer Deluxe (Europe)",4,"International Superstar Soccer Deluxe (USA),International Superstar Soccer Deluxe (Europe)",0,,"nointro,retroachievements"
292,Knights of the Round,Official,25,4,local,3,"Knights of the Round (Europe),Knights of the Round (Japan),Knights of the Round (USA)",6,"Knights of the Round (Europe),Knights of the Round (Japan),Knights of the Round (USA)",0,,"nointro,retroachievements"
296,Mickey to Donald: Magical Adventure 3,Official,38,2,local,2,Mickey to Donald - Magical Adventure 3 (Japan),2,Mickey to Donald - Magical Adventure 3 (Japan),0,,"nointro,retroachievements"
300,Castlevania: Dracula X,Official,30,3,local,2,"Akumajou Dracula XX (Japan),Castlevania - Dracula X (USA)",4,"Akumajou Dracula XX (Japan),Castlevania - Dracula X (USA)",0,,"nointro,retroachievements"
306,Mickey Mania: The Timeless Adventures of Mickey Mouse,Official,20,3,local,2,"Mickey Mania (Europe),Mickey Mania - The Timeless Adventures of Mickey Mouse (USA)",4,"Mickey Mania (Europe),Mickey Mania - The Timeless Adventures of Mickey Mouse (USA)",0,,"nointro,retroachievements"
308,Indiana Jones' Greatest Adventures,Official,12,3,local,2,"Indiana Jones' Greatest Adventures (USA),Indiana Jones' Greatest Adventures (Japan)",4,"Indiana Jones' Greatest Adventures (USA),Indiana Jones' Greatest Adventures (Japan)",0,,"nointro,retroachievements"
309,Super Street Fighter II: The New Challengers,Official,36,5,local,4,"Super Street Fighter II (USA),Super Street Fighter II - The New Challengers (Japan),Super Street Fighter II (Europe)",6,"Super Street Fighter II (USA),Super Street Fighter II - The New Challengers (Japan),Super Street Fighter II (Europe)",0,,"nointro,retroachievements"
315,The Death and Return of Superman,Official,31,2,local,1,"Death and Return of Superman, The (USA)",2,"Death and Return of Superman, The (USA)",0,,"nointro,retroachievements"
319,Chrono Trigger,Official,76,16,local,13,"Chrono Trigger (Japan),Chrono Trigger (USA)",4,"Chrono Trigger (Japan),Chrono Trigger (USA)",0,,"nointro,retroachievements"
320,Maui Mallard in Cold Shadow,Official,61,2,local,1,Maui Mallard in Cold Shadow (USA),2,Maui Mallard in Cold Shadow (USA),0,,"nointro,retroachievements"
321,Spider-Man,Official,23,3,local,2,"Spider-Man (USA),Spider-Man (Europe)",4,"Spider-Man (USA),Spider-Man (Europe)",0,,"nointro,retroachievements"
323,Final Fight 3,Official,59,5,local,4,"Final Fight 3 (USA),Final Fight Tough (Japan),Final Fight 3 (Europe)",6,"Final Fight 3 (USA),Final Fight Tough (Japan),Final Fight 3 (Europe)",0,,"nointro,retroachievements"
331,Chuck Rock,Official,13,2,local,2,"Chuck Rock (Europe),Chuck Rock (USA)",4,"Chuck Rock (Europe),Chuck Rock (USA)",0,,"nointro,retroachievements"
332,Zero the Kamikaze Squirrel,Official,7,2,local,2,"Zero the Kamikaze Squirrel (USA),Zero the Kamikaze Squirrel (Europe) (Rev 1)",4,"Zero the Kamikaze Squirrel (USA),Zero the Kamikaze Squirrel (Europe) (Rev 1)",0,,"nointro,retroachievements"
333,Sunset Riders,Official,36,2,local,1,Sunset Riders (USA),2,Sunset Riders (USA),0,,"nointro,retroachievements"
336,The Incredible Hulk,Official,22,2,local,2,"Incredible Hulk, The (Europe),Incredible Hulk, The (USA)",4,"Incredible Hulk, The (Europe),Incredible Hulk, The (USA)",0,,"nointro,retroachievements"
337,Donkey Kong Country,Official,71,6,local,5,"Donkey Kong Country (Europe) (En,Fr,De) (Rev 1),Donkey Kong Country (USA) (Rev 2),Donkey Kong Country (USA),Donkey Kong Country (USA) (Rev 1),Donkey Kong Country (Europe) (En,Fr,De)",10,"Donkey Kong Country (Europe) (En,Fr,De) (Rev 1),Donkey Kong Country (USA) (Rev 2),Donkey Kong Country (USA),Donkey Kong Country (USA) (Rev 1),Donkey Kong Country (Europe) (En,Fr,De)",0,,"nointro,retroachievements"
340,Wild Guns,Official,87,2,local,1,Wild Guns (USA),2,Wild Guns (USA),0,,"nointro,retroachievements"
341,Final Fantasy VI,Official,115,10,local,9,Final Fantasy III (USA) (Rev 1),2,Final Fantasy III (USA) (Rev 1),0,,"nointro,retroachievements"
342,Gradius III,Official,56,3,local,2,"Gradius III (Japan) (En),Gradius III (USA)",4,"Gradius III (Japan) (En),Gradius III (USA)",0,,"nointro,retroachievements"
344,Contra III: The Alien Wars,Official,30,4,local,2,"Contra Spirits (Japan),Contra III - The Alien Wars (USA)",4,"Contra Spirits (Japan),Contra III - The Alien Wars (USA)",0,,"nointro,retroachievements"
350,Teenage Mutant Ninja Turtles IV: Turtles in Time,Official,30,3,local,2,"Teenage Mutant Ninja Turtles IV - Turtles in Time (USA),Teenage Mutant Hero Turtles IV - Turtles in Time (Europe)",4,"Teenage Mutant Ninja Turtles IV - Turtles in Time (USA),Teenage Mutant Hero Turtles IV - Turtles in Time (Europe)",0,,"nointro,retroachievements"
351,Star Fox,Official,39,3,local,3,Star Fox (USA),2,Star Fox (USA),0,,"nointro,retroachievements"
352,Final Fight Guy,Official,31,4,local,2,"Final Fight Guy (USA),Final Fight Guy (Japan)",4,"Final Fight Guy (USA),Final Fight Guy (Japan)",0,,"nointro,retroachievements"
353,Rushing Beat,Official,28,3,local,2,,0,,0,,retroachievements
355,The Legend of Zelda: A Link to the Past,Official,109,6,local,4,"Legend of Zelda, The - A Link to the Past (USA)",2,"Legend of Zelda, The - A Link to the Past (USA)",0,,"nointro,retroachievements"
357,3 Ninjas Kick Back,Official,40,1,local,1,3 Ninjas Kick Back (USA),2,3 Ninjas Kick Back (USA),0,,"nointro,retroachievements"
359,The 7th Saga,Official,20,2,local,2,"7th Saga, The (USA)",2,"7th Saga, The (USA)",0,,"nointro,retroachievements"
360,Super Baseball 2020,Official,33,1,local,1,Super Baseball 2020 (USA),2,Super Baseball 2020 (USA),0,,"nointro,retroachievements"
365,Advanced Dungeons & Dragons: Eye of the Beholder,Official,78,1,local,1,Advanced Dungeons & Dragons - Eye of the Beholder (USA),2,Advanced Dungeons & Dragons - Eye of the Beholder (USA),0,,"nointro,retroachievements"
366,Addams Family Values,Official,57,3,local,3,"Addams Family Values (Europe) (En,Fr,De),Addams Family Values (USA) (En,Fr,De)",4,"Addams Family Values (Europe) (En,Fr,De),Addams Family Values (USA) (En,Fr,De)",0,,"nointro,retroachievements"
367,Rudra no Hihou,Official,80,2,local,2,Rudra no Hihou (Japan),2,Rudra no Hihou (Japan),0,,"nointro,retroachievements"
368,The Addams Family: Pugsley's Scavenger Hunt,Official,23,1,local,1,"Addams Family, The - Pugsley's Scavenger Hunt (USA)",2,"Addams Family, The - Pugsley's Scavenger Hunt (USA)",0,,"nointro,retroachievements"
369,The Adventures of Dr. Franken,Official,20,2,local,2,"Adventures of Dr. Franken, The (Europe) (En,Fr,De,Es,It,Nl,Sv),Adventures of Dr. Franken, The (USA)",4,"Adventures of Dr. Franken, The (Europe) (En,Fr,De,Es,It,Nl,Sv),Adventures of Dr. Franken, The (USA)",0,,"nointro,retroachievements"
373,Aero Fighters,Official,30,3,local,3,"Aero Fighters (USA),Sonic Wings (Japan)",4,"Aero Fighters (USA),Sonic Wings (Japan)",0,,"nointro,retroachievements"
374,Aero the Acro-Bat,Official,126,1,local,1,Aero the Acro-Bat (USA),2,Aero the Acro-Bat (USA),0,,"nointro,retroachievements"
375,Aerobiz,Official,34,1,local,1,Aerobiz (USA),2,Aerobiz (USA),0,,"nointro,retroachievements"
376,Aerobiz Supersonic,Official,57,1,local,1,Aerobiz Supersonic (USA),2,Aerobiz Supersonic (USA),0,,"nointro,retroachievements"
378,Al Unser Jr.'s Road to the Top,Official,37,2,local,2,"Al Unser Jr.'s Road to the Top (USA),Al Unser Jr.'s Road to the Top (Europe)",4,"Al Unser Jr.'s Road to the Top (USA),Al Unser Jr.'s Road to the Top (Europe)",0,,nointro
379,Aladdin,Official,40,9,local,7,"Aladdin (Europe),Aladdin (France),Aladdin (Spain),Aladdin (USA)",8,"Aladdin (Europe),Aladdin (France),Aladdin (Spain),Aladdin (USA)",0,,"nointro,retroachievements"
380,Alien vs. Predator,Official,23,3,local,3,"Alien vs Predator (USA),Alien vs Predator (Europe)",4,"Alien vs Predator (USA),Alien vs Predator (Europe)",0,,"nointro,retroachievements"
382,American Gladiators,Official,18,1,local,1,American Gladiators (USA),2,American Gladiators (USA),0,,"nointro,retroachievements"
383,An American Tail: Fievel Goes West,Official,40,1,local,1,"American Tail, An - Fievel Goes West (USA)",2,"American Tail, An - Fievel Goes West (USA)",0,,"nointro,retroachievements"
385,Animaniacs,Official,98,4,local,4,"Animaniacs (Europe),Animaniacs (USA)",4,"Animaniacs (Europe),Animaniacs (USA)",0,,"nointro,retroachievements"
386,Midway Presents Arcade's Greatest Hits: The Atari Collection 1,Official,14,2,local,2,"Arcade's Greatest Hits - The Atari Collection 1 (Europe),Arcade's Greatest Hits - The Atari Collection 1 (USA)",4,"Arcade's Greatest Hits - The Atari Collection 1 (Europe),Arcade's Greatest Hits - The Atari Collection 1 (USA)",0,,"nointro,retroachievements"
388,Arcana,Official,34,4,local,4,Arcana (USA),2,Arcana (USA),0,,"nointro,retroachievements"
390,Ardy Lightfoot,Official,44,1,local,1,Ardy Lightfoot (USA),2,Ardy Lightfoot (USA),0,,"nointro,retroachievements"
391,Art of Fighting,Official,33,3,local,3,"Ryuuko no Ken (Japan),Art of Fighting (USA),Art of Fighting (Europe)",6,"Ryuuko no Ken (Japan),Art of Fighting (USA),Art of Fighting (Europe)",0,,"nointro,retroachievements"
392,Arkanoid: Doh It Again,Official,61,1,local,1,Arkanoid - Doh It Again (USA),2,Arkanoid - Doh It Again (USA),0,,"nointro,retroachievements"
393,Astérix & Obélix,Official,86,1,local,1,"Asterix & Obelix (Europe) (En,Fr,De,Es)",2,"Asterix & Obelix (Europe) (En,Fr,De,Es)",0,,"nointro,retroachievements"
394,Astérix,Official,8,1,local,1,"Asterix (Europe) (En,Fr,De,Es)",2,"Asterix (Europe) (En,Fr,De,Es)",0,,"nointro,retroachievements"
395,Axelay,Official,46,3,local,1,Axelay (USA),2,Axelay (USA),0,,"nointro,retroachievements"
399,Super Double Dragon,Official,14,2,local,1,Super Double Dragon (USA),2,Super Double Dragon (USA),0,,"nointro,retroachievements"
400,Secret of Mana,Official,85,6,local,5,"Secret of Mana (USA),Secret of Mana (France),Secret of Mana (France) (Rev 1),Secret of Mana (Germany)",8,"Secret of Mana (USA),Secret of Mana (France),Secret of Mana (France) (Rev 1),Secret of Mana (Germany)",0,,"nointro,retroachievements"
401,Super Star Wars,Official,31,5,local,4,"Super Star Wars (Europe),Super Star Wars (Europe) (Rev 1),Super Star Wars (USA) (Rev 1),Super Star Wars (USA)",8,"Super Star Wars (Europe),Super Star Wars (Europe) (Rev 1),Super Star Wars (USA) (Rev 1),Super Star Wars (USA)",0,,"nointro,retroachievements"
405,Zombies Ate My Neighbors,Official,95,1,local,1,Zombies Ate My Neighbors (USA),2,Zombies Ate My Neighbors (USA),0,,"nointro,retroachievements"
409,Hagane: The Final Conflict,Official,36,4,local,3,"Hagane - The Final Conflict (Europe),Hagane - The Final Conflict (USA),Hagane (Japan)",6,"Hagane - The Final Conflict (Europe),Hagane - The Final Conflict (USA),Hagane (Japan)",0,,"nointro,retroachievements"
412,Barbie: Super Model,Official,18,1,local,1,Barbie - Super Model (USA),2,Barbie - Super Model (USA),0,,"nointro,retroachievements"
413,~Prototype~ Barbie: Vacation Adventure,Prototype,18,2,local,2,Barbie - Vacation Adventure (USA) (Proto),2,Barbie - Vacation Adventure (USA) (Proto),1,Barbie - Vacation Adventure (USA) (Proto),"nointro,retroachievements"
417,Bassin's Black Bass,Official,63,2,local,2,"Bassin's Black Bass (USA),Super Black Bass 2 (Japan)",4,"Bassin's Black Bass (USA),Super Black Bass 2 (Japan)",0,,"nointro,retroachievements"
418,Batman Forever,Official,44,2,local,2,"Batman Forever (Europe),Batman Forever (USA)",4,"Batman Forever (Europe),Batman Forever (USA)",0,,"nointro,retroachievements"
419,~Prototype~ Jelly Boy 2,Prototype,115,2,local,2,Jelly Boy 2 (Japan) (Proto),2,Jelly Boy 2 (Japan) (Proto),0,,"nointro,retroachievements"
421,Battle Clash,Official,24,2,local,2,"Battle Clash (Europe),Battle Clash (USA)",4,"Battle Clash (Europe),Battle Clash (USA)",0,,"nointro,retroachievements"
423,Battletoads and Double Dragon: The Ultimate Team,Official,21,8,local,7,"Battletoads-Double Dragon (USA),Battletoads-Double Dragon (Europe)",4,"Battletoads-Double Dragon (USA),Battletoads-Double Dragon (Europe)",0,,"nointro,retroachievements"
424,Battletoads in Battlemaniacs,Official,23,4,local,3,"Battletoads in Battlemaniacs (Europe),Battletoads in Battlemaniacs (USA)",4,"Battletoads in Battlemaniacs (Europe),Battletoads in Battlemaniacs (USA)",0,,"nointro,retroachievements"
425,Bazooka Blitzkrieg,Official,24,1,local,1,Bazooka Blitzkrieg (USA),2,Bazooka Blitzkrieg (USA),0,,"nointro,retroachievements"
427,Beavis and Butt-Head,Official,26,1,local,1,Beavis and Butt-Head (USA),2,Beavis and Butt-Head (USA),0,,"nointro,retroachievements"
428,Bebe's Kids,Official,16,1,local,1,Bebe's Kids (USA),2,Bebe's Kids (USA),0,,"nointro,retroachievements"
429,Beethoven's 2nd,Official,10,2,local,2,"Beethoven - The Ultimate Canine Caper! (USA),Beethoven - The Ultimate Canine Caper! (Europe)",4,"Beethoven - The Ultimate Canine Caper! (USA),Beethoven - The Ultimate Canine Caper! (Europe)",0,,"nointro,retroachievements"
434,Bio Metal,Official,22,2,local,2,"BioMetal (Europe),BioMetal (USA)",4,"BioMetal (Europe),BioMetal (USA)",0,,"nointro,retroachievements"
436,Blackthorne,Official,26,4,local,4,Blackthorne (USA),2,Blackthorne (USA),0,,"nointro,retroachievements"
437,BlaZeon: The Bio-Cyborg Challenge,Official,36,1,local,1,BlaZeon - The Bio-Cyborg Challenge (USA),2,BlaZeon - The Bio-Cyborg Challenge (USA),0,,"nointro,retroachievements"
439,~Prototype~ Bobby's World,Prototype,19,2,local,2,Bobby's World (USA) (Proto),2,Bobby's World (USA) (Proto),0,,"nointro,retroachievements"
440,Bonkers,Official,21,1,local,1,Bonkers (USA),2,Bonkers (USA),0,,"nointro,retroachievements"
441,Boogerman: A Pick and Flick Adventure,Official,17,2,local,2,"Boogerman - A Pick and Flick Adventure (USA),Boogerman - A Pick and Flick Adventure (Europe)",4,"Boogerman - A Pick and Flick Adventure (USA),Boogerman - A Pick and Flick Adventure (Europe)",0,,"nointro,retroachievements"
443,Brain Lord,Official,50,2,local,2,Brain Lord (USA),2,Brain Lord (USA),0,,"nointro,retroachievements"
446,Brandish,Official,61,2,local,2,Brandish (USA),2,Brandish (USA),0,,"nointro,retroachievements"
449,Breath of Fire,Official,59,6,local,6,Breath of Fire (USA),2,Breath of Fire (USA),0,,"nointro,retroachievements"
450,Breath of Fire II,Official,87,7,local,6,"Breath of Fire II - Shimei no Ko (Japan),Breath of Fire II (USA)",4,"Breath of Fire II - Shimei no Ko (Japan),Breath of Fire II (USA)",0,,"nointro,retroachievements"
457,Bubsy in Claws Encounters of the Furred Kind,Official,31,2,local,1,Bubsy in - Claws Encounters of the Furred Kind (USA),2,Bubsy in - Claws Encounters of the Furred Kind (USA),0,,"nointro,retroachievements"
458,Bugs Bunny: Rabbit Rampage,Official,20,1,local,1,Bugs Bunny - Rabbit Rampage (USA),2,Bugs Bunny - Rabbit Rampage (USA),0,,"nointro,retroachievements"
460,Bust-A-Move,Official,27,2,local,2,"Bust-A-Move (USA),Puzzle Bobble (Japan)",4,"Bust-A-Move (USA),Puzzle Bobble (Japan)",0,,"nointro,retroachievements"
464,Final Fight,Official,42,3,local,1,Final Fight (USA),2,Final Fight (USA),0,,"nointro,retroachievements"
465,Equinox,Official,54,3,local,3,"Equinox (USA),Solstice II (Japan),Equinox (Europe)",6,"Equinox (USA),Solstice II (Japan),Equinox (Europe)",0,,"nointro,retroachievements"
466,Donkey Kong Country 2: Diddy's Kong Quest,Official,80,10,local,8,"Donkey Kong Country 2 - Diddy's Kong Quest (Germany) (En,De) (Rev 1),Donkey Kong Country 2 - Diddy's Kong Quest (Europe) (En,Fr) (Rev 1),Donkey Kong Country 2 - Diddy's Kong Quest (USA) (En,Fr),Super Donkey Kong 2 - Dixie & Diddy (Japan) (Rev 1),Donkey Kong Country 2 - Diddy's Kong Quest (USA) (En,Fr) (Rev 1),Donkey Kong Country 2 - Diddy's Kong Quest (Germany) (En,De),Super Donkey Kong 2 - Dixie & Diddy (Japan)",14,"Donkey Kong Country 2 - Diddy's Kong Quest (Germany) (En,De) (Rev 1),Donkey Kong Country 2 - Diddy's Kong Quest (Europe) (En,Fr) (Rev 1),Donkey Kong Country 2 - Diddy's Kong Quest (USA) (En,Fr),Super Donkey Kong 2 - Dixie & Diddy (Japan) (Rev 1),Donkey Kong Country 2 - Diddy's Kong Quest (USA) (En,Fr) (Rev 1),Donkey Kong Country 2 - Diddy's Kong Quest (Germany) (En,De),Super Donkey Kong 2 - Dixie & Diddy (Japan)",0,,"nointro,retroachievements"
467,The Magical Quest Starring Mickey Mouse,Official,35,4,local,3,"Magical Quest Starring Mickey Mouse, The (USA),Magical Quest Starring Mickey Mouse, The (Europe)",4,"Magical Quest Starring Mickey Mouse, The (USA),Magical Quest Starring Mickey Mouse, The (Europe)",0,,"nointro,retroachievements"
468,Final Fight 2,Official,45,4,local,3,"Final Fight 2 (USA),Final Fight 2 (Japan),Final Fight 2 (Europe)",6,"Final Fight 2 (USA),Final Fight 2 (Japan),Final Fight 2 (Europe)",0,,"nointro,retroachievements"
469,Mega Man 7,Official,53,1,local,1,Mega Man 7 (USA),2,Mega Man 7 (USA),0,,"nointro,retroachievements"
470,Super Bomberman,Official,54,2,local,2,"Super Bomberman (Japan) (En),Super Bomberman (USA)",4,"Super Bomberman (Japan) (En),Super Bomberman (USA)",0,,"nointro,retroachievements"
471,Super Mario RPG: Legend of the Seven Stars,Official,99,5,local,3,Super Mario RPG - Legend of the Seven Stars (USA),2,Super Mario RPG - Legend of the Seven Stars (USA),0,,"nointro,retroachievements"
472,Ranma ½: Hard Battle,Official,27,1,local,1,Ranma 1-2 - Hard Battle (USA),2,Ranma 1-2 - Hard Battle (USA),0,,"nointro,retroachievements"
473,Donkey Kong Country 3: Dixie Kong's Double Trouble!,Official,84,2,local,1,"Donkey Kong Country 3 - Dixie Kong's Double Trouble! (USA) (En,Fr)",2,"Donkey Kong Country 3 - Dixie Kong's Double Trouble! (USA) (En,Fr)",0,,"nointro,retroachievements"
497,Tuff E Nuff,Official,23,1,local,1,Tuff E Nuff (USA),2,Tuff E Nuff (USA),0,,"nointro,retroachievements"
498,Ninja Gaiden Trilogy,Official,75,3,local,1,Ninja Gaiden Trilogy (USA),2,Ninja Gaiden Trilogy (USA),0,,"nointro,retroachievements"
500,Super Bomberman 2,Official,63,2,local,2,Super Bomberman 2 (USA),2,Super Bomberman 2 (USA),0,,"nointro,retroachievements"
502,Top Gear,Official,60,4,local,2,Top Gear (USA),2,Top Gear (USA),0,,"nointro,retroachievements"
518,The Ninja Warriors,Official,35,3,local,2,"Ninjawarriors (USA),Ninjawarriors Again, The (Japan)",4,"Ninjawarriors (USA),Ninjawarriors Again, The (Japan)",0,,"nointro,retroachievements"
525,Operation Thunderbolt,Official,11,1,local,1,Operation Thunderbolt (USA),2,Operation Thunderbolt (USA),0,,"nointro,retroachievements"
539,Super Punch-Out!!,Official,74,1,local,1,Super Punch-Out!! (USA),2,Super Punch-Out!! (USA),0,,"nointro,retroachievements"
555,Shin Kidou Senki Gundam W: Endless Duel,Official,27,4,local,3,Shin Kidou Senki Gundam W - Endless Duel (Japan),2,Shin Kidou Senki Gundam W - Endless Duel (Japan),0,,"nointro,retroachievements"
558,Super Mario World 2: Yoshi's Island,Official,63,4,local,2,"Super Mario World 2 - Yoshi's Island (USA),Super Mario World 2 - Yoshi's Island (USA) (Rev 1)",4,"Super Mario World 2 - Yoshi's Island (USA),Super Mario World 2 - Yoshi's Island (USA) (Rev 1)",0,,"nointro,retroachievements"
562,Super Castlevania IV,Official,36,4,local,3,"Super Castlevania IV (USA),Akumajou Dracula (Japan)",4,"Super Castlevania IV (USA),Akumajou Dracula (Japan)",0,,"nointro,retroachievements"
566,Shadowrun,Official,92,6,local,4,"Shadowrun (Europe),Shadowrun (USA)",4,"Shadowrun (Europe),Shadowrun (USA)",0,,"nointro,retroachievements"
573,The Great Circus Mystery Starring Mickey & Minnie,Official,53,1,local,1,"Great Circus Mystery Starring Mickey & Minnie, The (USA)",2,"Great Circus Mystery Starring Mickey & Minnie, The (USA)",0,,"nointro,retroachievements"
582,Ultimate Mortal Kombat 3,Official,45,3,local,1,Ultimate Mortal Kombat 3 (USA),2,Ultimate Mortal Kombat 3 (USA),0,,"nointro,retroachievements"
593,NBA Jam,Official,28,3,local,3,"NBA Jam (USA) (Rev 1),NBA Jam (USA),NBA Jam (Europe) (Rev 1)",6,"NBA Jam (USA) (Rev 1),NBA Jam (USA),NBA Jam (Europe) (Rev 1)",0,,"nointro,retroachievements"
594,Dragon Ball Z: Super Butouden 2,Official,58,4,local,4,"Dragon Ball Z - La Legende Saien (France),Dragon Ball Z - Super Butouden 2 (Japan),Dragon Ball Z - Super Butouden 2 (Japan) (Rev 1)",6,"Dragon Ball Z - La Legende Saien (France),Dragon Ball Z - Super Butouden 2 (Japan),Dragon Ball Z - Super Butouden 2 (Japan) (Rev 1)",0,,"nointro,retroachievements"
605,Street Fighter Alpha 2,Official,93,3,local,1,Street Fighter Alpha 2 (USA),2,Street Fighter Alpha 2 (USA),0,,"nointro,retroachievements"
624,Mega Man X3,Official,61,6,local,4,"Mega Man X3 (USA),Mega Man X3 (Europe)",4,"Mega Man X3 (USA),Mega Man X3 (Europe)",0,,"nointro,retroachievements"
627,Dragon: The Bruce Lee Story,Official,38,1,local,1,Dragon - The Bruce Lee Story (USA),2,Dragon - The Bruce Lee Story (USA),0,,"nointro,retroachievements"
628,Demon's Crest,Official,44,2,local,1,Demon's Crest (USA),2,Demon's Crest (USA),0,,"nointro,retroachievements"
629,Mega Man X2,Official,70,6,local,6,Mega Man X2 (USA),2,Mega Man X2 (USA),0,,"nointro,retroachievements"
631,Sengoku Denshou,Official,36,1,local,1,Sengoku Denshou (Japan),2,Sengoku Denshou (Japan),0,,"nointro,retroachievements"
633,Fighter's History,Official,20,2,local,1,Fighter's History (USA) (Rev 1),2,Fighter's History (USA) (Rev 1),0,,"nointro,retroachievements"
637,Mega Man X,Official,57,8,local,5,"Rockman X (Japan) (Rev 1),Mega Man X (USA) (Rev 1)",4,"Rockman X (Japan) (Rev 1),Mega Man X (USA) (Rev 1)",0,,"nointro,retroachievements"
645,Captain Commando,Official,20,4,local,3,"Captain Commando (Europe),Captain Commando (Japan),Captain Commando (USA)",6,"Captain Commando (Europe),Captain Commando (Japan),Captain Commando (USA)",0,,"nointro,retroachievements"
647,Mortal Kombat II,Official,42,3,local,2,"Mortal Kombat II (USA),Mortal Kombat II (USA) (Rev 1)",4,"Mortal Kombat II (USA),Mortal Kombat II (USA) (Rev 1)",0,,"nointro,retroachievements"
648,Street Fighter II Turbo: Hyper Fighting,Official,32,6,local,4,"Street Fighter II Turbo (USA) (Rev 1),Street Fighter II Turbo (Japan),Street Fighter II Turbo (USA),Street Fighter II Turbo (Europe)",8,"Street Fighter II Turbo (USA) (Rev 1),Street Fighter II Turbo (Japan),Street Fighter II Turbo (USA),Street Fighter II Turbo (Europe)",0,,"nointro,retroachievements"
653,Samurai Shodown,Official,22,2,local,2,"Samurai Shodown (Europe),Samurai Shodown (USA)",4,"Samurai Shodown (Europe),Samurai Shodown (USA)",0,,"nointro,retroachievements"
658,Mortal Kombat 3,Official,31,4,local,2,"Mortal Kombat 3 (Europe),Mortal Kombat 3 (USA)",4,"Mortal Kombat 3 (Europe),Mortal Kombat 3 (USA)",0,,"nointro,retroachievements"
664,Michael Jordan: Chaos in the Windy City,Official,36,2,local,2,"Michael Jordan - Chaos in the Windy City (Europe),Michael Jordan - Chaos in the Windy City (USA)",4,"Michael Jordan - Chaos in the Windy City (Europe),Michael Jordan - Chaos in the Windy City (USA)",0,,"nointro,retroachievements"
666,Sonic Blast Man II,Official,10,1,local,1,Sonic Blast Man II (USA),2,Sonic Blast Man II (USA),0,,"nointro,retroachievements"
813,Kirby's Dream Land 3,Official,32,2,local,1,Kirby's Dream Land 3 (USA),2,Kirby's Dream Land 3 (USA),0,,"nointro,retroachievements"
814,Kirby Super Star,Official,57,2,local,1,Kirby Super Star (USA),2,Kirby Super Star (USA),0,,"nointro,retroachievements"
815,Tetris Attack,Official,50,1,local,1,"Tetris Attack (USA) (En,Ja)",2,"Tetris Attack (USA) (En,Ja)",0,,"nointro,retroachievements"
819,Shin Megami Tensei,Official,65,6,local,6,Shin Megami Tensei (Japan),2,Shin Megami Tensei (Japan),0,,"nointro,retroachievements"
820,~Hack~ Super Metroid: Redesign,Hack,71,1,local,1,,0,,0,,retroachievements
821,Secret of Evermore,Official,41,8,local,6,"Secret of Evermore (Germany),Secret of Evermore (Europe),Secret of Evermore (France),Secret of Evermore (USA),Secret of Evermore (Spain) (Rev 1)",10,"Secret of Evermore (Germany),Secret of Evermore (Europe),Secret of Evermore (France),Secret of Evermore (USA),Secret of Evermore (Spain) (Rev 1)",0,,"nointro,retroachievements"
827,Teenage Mutant Ninja Turtles IV: Turtles in Time [Subset - Bonus],Official,19,1,unmatched,0,,0,,0,,
829,The Addams Family,Official,46,1,local,1,"Addams Family, The (USA)",2,"Addams Family, The (USA)",0,,"nointro,retroachievements"
830,The Adventures of Batman & Robin,Official,27,1,local,1,"Adventures of Batman & Robin, The (USA)",2,"Adventures of Batman & Robin, The (USA)",0,,"nointro,retroachievements"
832,Aero the Acro-Bat 2,Official,87,2,local,2,"Aero the Acro-Bat 2 (USA),Aero the Acro-Bat 2 (Europe)",4,"Aero the Acro-Bat 2 (USA),Aero the Acro-Bat 2 (Europe)",0,,"nointro,retroachievements"
846,Captain Novolin,Official,30,1,local,1,"Captain Novolin (USA) (En,Fr,Es)",2,"Captain Novolin (USA) (En,Fr,Es)",0,,"nointro,retroachievements"
853,The Chessmaster,Official,10,1,local,1,"Chessmaster, The (USA)",2,"Chessmaster, The (USA)",0,,"nointro,retroachievements"
854,Chester Cheetah: Too Cool to Fool,Official,19,1,local,1,Chester Cheetah - Too Cool to Fool (USA),2,Chester Cheetah - Too Cool to Fool (USA),0,,"nointro,retroachievements"
856,Choplifter III,Official,36,1,local,1,Choplifter III - Rescue-Survive (Japan) (En),2,Choplifter III - Rescue-Survive (Japan) (En),0,,"nointro,retroachievements"
857,Clay Fighter,Official,23,1,local,1,Clay Fighter (USA),2,Clay Fighter (USA),0,,"nointro,retroachievements"
858,Claymates,Official,63,1,local,1,Claymates (USA),2,Claymates (USA),0,,"nointro,retroachievements"
863,Congo's Caper,Official,14,2,local,2,"Congo's Caper (Europe),Congo's Caper (USA)",4,"Congo's Caper (Europe),Congo's Caper (USA)",0,,"nointro,retroachievements"
864,Cool Spot,Official,27,1,local,1,Cool Spot (USA),2,Cool Spot (USA),0,,"nointro,retroachievements"
865,Cool World,Official,34,1,local,1,Cool World (USA),2,Cool World (USA),0,,"nointro,retroachievements"
866,Cutthroat Island,Official,38,1,local,1,CutThroat Island (USA),2,CutThroat Island (USA),0,,"nointro,retroachievements"
867,Cybernator,Official,28,1,local,1,Cybernator (USA),2,Cybernator (USA),0,,"nointro,retroachievements"
868,Darius Twin,Official,56,4,local,2,"Darius Twin (Europe),Darius Twin (USA)",4,"Darius Twin (Europe),Darius Twin (USA)",0,,"nointro,retroachievements"
870,Demolition Man,Official,75,1,local,1,Demolition Man (USA),2,Demolition Man (USA),0,,"nointro,retroachievements"
871,Dennis the Menace,Official,46,1,local,1,Dennis the Menace (USA),2,Dennis the Menace (USA),0,,nointro
875,DinoCity,Official,40,1,local,1,DinoCity (USA),2,DinoCity (USA),0,,"nointro,retroachievements"
878,The Lion King,Official,33,4,local,2,"Lion King, The (USA)",2,"Lion King, The (USA)",0,,"nointro,retroachievements"
881,Dragon View,Official,25,3,local,3,"Dragon View (USA),Dragon View (USA) (Beta),Dragon View (World) (Evercade)",6,"Dragon View (USA),Dragon View (USA) (Beta),Dragon View (World) (Evercade)",0,,"nointro,retroachievements"
885,Test Drive II: The Duel,Official,39,2,local,2,"Duel, The - Test Drive II (USA),Duel, The - Test Drive II (Europe)",4,"Duel, The - Test Drive II (USA),Duel, The - Test Drive II (Europe)",0,,"nointro,retroachievements"
887,E.V.O.: Search for Eden,Official,58,4,local,3,"46 Okunen Monogatari - Harukanaru Eden e (Japan),E.V.O. - Search for Eden (USA)",4,"46 Okunen Monogatari - Harukanaru Eden e (Japan),E.V.O. - Search for Eden (USA)",0,,"nointro,retroachievements"
888,Earthworm Jim 2,Official,47,2,local,1,Earthworm Jim 2 (USA),2,Earthworm Jim 2 (USA),0,,"nointro,retroachievements"
889,Earthworm Jim,Official,35,3,local,1,Earthworm Jim (USA),2,Earthworm Jim (USA),0,,"nointro,retroachievements"
890,Eek! The Cat,Official,33,1,local,1,Eek! The Cat (USA),2,Eek! The Cat (USA),0,,"nointro,retroachievements"
904,Fatal Fury 2,Official,20,2,local,2,"Fatal Fury 2 (Europe),Fatal Fury 2 (USA)",4,"Fatal Fury 2 (Europe),Fatal Fury 2 (USA)",0,,"nointro,retroachievements"
905,Fatal Fury Special,Official,38,2,local,2,"Fatal Fury Special (USA),Garou Densetsu Special (Japan)",4,"Fatal Fury Special (USA),Garou Densetsu Special (Japan)",0,,"nointro,retroachievements"
906,Fatal Fury,Official,18,2,local,1,Fatal Fury (USA),2,Fatal Fury (USA),0,,"nointro,retroachievements"
908,~Hack~ Grand Poo World 2,Hack,66,1,local,1,,0,,0,,retroachievements
909,Final Fantasy: Mystic Quest,Official,51,1,local,1,Final Fantasy - Mystic Quest (USA) (Rev 1),2,Final Fantasy - Mystic Quest (USA) (Rev 1),0,,"nointro,retroachievements"
911,Firepower 2000,Official,34,1,local,1,Firepower 2000 (USA),2,Firepower 2000 (USA),0,,"nointro,retroachievements"
913,First Samurai,Official,33,1,local,1,First Samurai (USA),2,First Samurai (USA),0,,"nointro,retroachievements"
924,Ghoul Patrol,Official,21,1,local,1,Ghoul Patrol (USA),2,Ghoul Patrol (USA),0,,"nointro,retroachievements"
926,Gods,Official,32,2,local,2,"Gods (USA),Gods (Europe)",4,"Gods (USA),Gods (Europe)",0,,"nointro,retroachievements"
927,GP-1: Part II,Official,64,1,local,1,GP-1 - Part II (USA),2,GP-1 - Part II (USA),0,,"nointro,retroachievements"
929,The Great Waldo Search,Official,15,1,local,1,"Great Waldo Search, The (USA)",2,"Great Waldo Search, The (USA)",0,,"nointro,retroachievements"
930,GunForce,Official,18,2,local,2,"GunForce (USA),GunForce (Japan) (En)",4,"GunForce (USA),GunForce (Japan) (En)",0,,"nointro,retroachievements"
934,Harvest Moon,Official,83,5,local,5,Harvest Moon (USA),2,Harvest Moon (USA),0,,"nointro,retroachievements"
937,Home Alone 2: Lost in New York,Official,30,1,local,1,Home Alone 2 - Lost in New York (USA),2,Home Alone 2 - Lost in New York (USA),0,,"nointro,retroachievements"
938,Home Alone,Official,9,2,local,1,Home Alone (USA),2,Home Alone (USA),0,,"nointro,retroachievements"
939,Home Improvement: Power Tool Pursuit!,Official,36,1,local,1,Home Improvement - Power Tool Pursuit! (USA),2,Home Improvement - Power Tool Pursuit! (USA),0,,"nointro,retroachievements"
940,Hook,Official,21,4,local,3,"Hook (USA),Hook (Europe)",4,"Hook (USA),Hook (Europe)",0,,"nointro,retroachievements"
941,The Hunt for Red October,Official,17,1,local,1,"Hunt for Red October, The (USA)",2,"Hunt for Red October, The (USA)",0,,"nointro,retroachievements"
942,Hyper V-Ball,Official,18,3,local,3,"Hyper V-Ball (USA),Hyper V-Ball (Europe)",4,"Hyper V-Ball (USA),Hyper V-Ball (Europe)",0,,"nointro,retroachievements"
943,HyperZone,Official,18,1,local,1,HyperZone (USA),2,HyperZone (USA),0,,"nointro,retroachievements"
945,Illusion of Gaia,Official,45,5,local,4,"Illusion of Time (France),Illusion of Gaia (USA),Illusion of Time (Europe),Illusion of Time (Spain)",8,"Illusion of Time (France),Illusion of Gaia (USA),Illusion of Time (Europe),Illusion of Time (Spain)",0,,"nointro,retroachievements"
947,Incantation,Official,33,2,local,2,"Incantation (Europe),Incantation (USA)",4,"Incantation (Europe),Incantation (USA)",0,,"nointro,retroachievements"
948,Inindo: Way of the Ninja,Official,30,1,local,1,Inindo - Way of the Ninja (USA),2,Inindo - Way of the Ninja (USA),0,,"nointro,retroachievements"
949,Inspector Gadget,Official,30,1,local,1,Inspector Gadget (USA),2,Inspector Gadget (USA),0,,"nointro,retroachievements"
955,James Bond Jr.,Official,25,1,local,1,James Bond Jr (USA),2,James Bond Jr (USA),0,,"nointro,retroachievements"
958,Jeopardy! Sports Edition,Official,6,1,local,1,Jeopardy! - Sports Edition (USA),2,Jeopardy! - Sports Edition (USA),0,,"nointro,retroachievements"
959,The Jetsons: Invasion of the Planet Pirates,Official,10,1,local,1,"Jetsons, The - Invasion of the Planet Pirates (USA)",2,"Jetsons, The - Invasion of the Planet Pirates (USA)",0,,"nointro,retroachievements"
960,Jim Power: The Lost Dimension in 3-D,Official,30,2,local,2,Jim Power - The Lost Dimension in 3D (USA),2,Jim Power - The Lost Dimension in 3D (USA),0,,"nointro,retroachievements"
961,Jimmy Connors Pro Tennis Tour,Official,35,2,local,2,"Jimmy Connors Pro Tennis Tour (USA),Jimmy Connors Pro Tennis Tour (France)",4,"Jimmy Connors Pro Tennis Tour (USA),Jimmy Connors Pro Tennis Tour (France)",0,,"nointro,retroachievements"
963,Joe & Mac: Caveman Ninja,Official,37,4,local,3,"Joe & Mac (USA),Joe & Mac - Caveman Ninja (Europe) (En,Fr,De,Es,It,Nl)",4,"Joe & Mac (USA),Joe & Mac - Caveman Ninja (Europe) (En,Fr,De,Es,It,Nl)",0,,"nointro,retroachievements"
964,Joe & Mac 2: Lost in the Tropics,Official,16,1,local,1,Joe & Mac 2 - Lost in the Tropics (USA),2,Joe & Mac 2 - Lost in the Tropics (USA),0,,"nointro,retroachievements"
967,Judge Dredd,Official,43,2,local,2,"Judge Dredd (Europe),Judge Dredd (USA)",4,"Judge Dredd (Europe),Judge Dredd (USA)",0,,"nointro,retroachievements"
968,The Jungle Book,Official,21,2,local,2,"Jungle Book, The (USA),Jungle Book, The (Europe)",4,"Jungle Book, The (USA),Jungle Book, The (Europe)",0,,"nointro,retroachievements"
970,Jurassic Park 2: The Chaos Continues,Official,37,1,local,1,"Jurassic Park Part 2 - The Chaos Continues (USA) (En,Fr,De,It)",2,"Jurassic Park Part 2 - The Chaos Continues (USA) (En,Fr,De,It)",0,,"nointro,retroachievements"
971,Jurassic Park,Official,25,6,local,4,"Jurassic Park (France),Jurassic Park (Germany),Jurassic Park (Europe),Jurassic Park (USA) (Rev 1)",8,"Jurassic Park (France),Jurassic Park (Germany),Jurassic Park (Europe),Jurassic Park (USA) (Rev 1)",0,,"nointro,retroachievements"
972,Justice League Task Force,Official,21,2,local,1,Justice League Task Force (USA),2,Justice League Task Force (USA),0,,"nointro,retroachievements"
976,Ken Griffey Jr. Presents Major League Baseball,Official,21,2,local,2,"Ken Griffey Jr. Presents Major League Baseball (USA),Ken Griffey Jr. Presents Major League Baseball (USA) (Rev 1)",4,"Ken Griffey Jr. Presents Major League Baseball (USA),Ken Griffey Jr. Presents Major League Baseball (USA) (Rev 1)",0,,"nointro,retroachievements"
978,Kendo Rage,Official,22,1,local,1,Kendo Rage (USA),2,Kendo Rage (USA),0,,"nointro,retroachievements"
979,Kid Klown in Crazy Chase,Official,16,1,local,1,Kid Klown in Crazy Chase (USA),2,Kid Klown in Crazy Chase (USA),0,,"nointro,retroachievements"
982,The King of Dragons,Official,62,1,local,1,King of Dragons (USA),2,King of Dragons (USA),0,,"nointro,retroachievements"
985,Kirby's Avalanche,Official,46,1,local,1,Kirby's Avalanche (USA),2,Kirby's Avalanche (USA),0,,"nointro,retroachievements"
986,Kirby's Dream Course,Official,46,2,local,2,"Kirby's Dream Course (USA),Kirby's Dream Course (Europe)",4,"Kirby's Dream Course (USA),Kirby's Dream Course (Europe)",0,,"nointro,retroachievements"
988,Lagoon,Official,48,1,local,1,Lagoon (USA),2,Lagoon (USA),0,,"nointro,retroachievements"
989,Lamborghini American Challenge,Official,76,2,local,2,"Lamborghini American Challenge (USA),Lamborghini American Challenge (Europe)",4,"Lamborghini American Challenge (USA),Lamborghini American Challenge (Europe)",0,,"nointro,retroachievements"
990,The Legend of the Mystical Ninja,Official,80,5,local,4,"Legend of the Mystical Ninja, The (USA)",2,"Legend of the Mystical Ninja, The (USA)",0,,"nointro,retroachievements"
991,Legend,Official,27,2,local,2,Legend (USA),2,Legend (USA),0,,"nointro,retroachievements"
992,Lemmings 2: The Tribes,Official,49,2,local,2,"Lemmings 2 - The Tribes (Japan),Lemmings 2 - The Tribes (USA)",4,"Lemmings 2 - The Tribes (Japan),Lemmings 2 - The Tribes (USA)",0,,"nointro,retroachievements"
993,Lemmings,Official,123,5,local,4,"Lemmings (USA),Lemmings (Europe),Lemmings (Japan) (En),Lemmings (USA) (Rev 1)",8,"Lemmings (USA),Lemmings (Europe),Lemmings (Japan) (En),Lemmings (USA) (Rev 1)",0,,"nointro,retroachievements"
995,Lester the Unlikely,Official,29,1,local,1,Lester the Unlikely (USA),2,Lester the Unlikely (USA),0,,"nointro,retroachievements"
996,Lethal Enforcers,Official,32,1,local,1,Lethal Enforcers (USA),2,Lethal Enforcers (USA),0,,"nointro,retroachievements"
1000,Looney Tunes B-Ball!,Official,20,1,local,1,Looney Tunes B-Ball (USA),2,Looney Tunes B-Ball (USA),0,,"nointro,retroachievements"
1001,The Lord of the Rings: Volume 1,Official,49,1,local,1,J.R.R. Tolkien's The Lord of the Rings - Volume 1 (USA),2,J.R.R. Tolkien's The Lord of the Rings - Volume 1 (USA),0,,"nointro,retroachievements"
1002,The Lost Vikings II,Official,25,2,local,2,Lost Vikings 2 (USA),2,Lost Vikings 2 (USA),0,,"nointro,retroachievements"
1003,The Lost Vikings,Official,87,1,local,1,"Lost Vikings, The (USA)",2,"Lost Vikings, The (USA)",0,,"nointro,retroachievements"
1004,Lufia & The Fortress of Doom,Official,47,6,local,3,Lufia & the Fortress of Doom (USA),2,Lufia & the Fortress of Doom (USA),0,,"nointro,retroachievements"
1005,Lufia II: Rise of the Sinistrals,Official,60,7,local,3,"Lufia II - Rise of the Sinistrals (USA),Lufia (Germany)",4,"Lufia II - Rise of the Sinistrals (USA),Lufia (Germany)",0,,"nointro,retroachievements"
1012,Magic Sword,Official,57,3,local,2,"Magic Sword (USA),Magic Sword (Europe)",4,"Magic Sword (USA),Magic Sword (Europe)",0,,"nointro,retroachievements"
1013,Mario Paint,Official,16,1,local,1,"Mario Paint (Japan, USA) (En)",2,"Mario Paint (Japan, USA) (En)",0,,"nointro,retroachievements"
1016,Marvel Super Heroes: War of the Gems,Official,84,3,local,3,Marvel Super Heroes in War of the Gems (USA),2,Marvel Super Heroes in War of the Gems (USA),0,,"nointro,retroachievements"
1019,MechWarrior 3050,Official,32,2,local,2,"MechWarrior 3050 (Europe),MechWarrior 3050 (USA)",4,"MechWarrior 3050 (Europe),MechWarrior 3050 (USA)",0,,"nointro,retroachievements"
1020,MechWarrior,Official,35,6,local,6,"MechWarrior (Europe),MechWarrior (Italy),MechWarrior (USA),MechWarrior (Spain),MechWarrior (Germany),MechWarrior (France)",12,"MechWarrior (Europe),MechWarrior (Italy),MechWarrior (USA),MechWarrior (Spain),MechWarrior (Germany),MechWarrior (France)",0,,"nointro,retroachievements"
1021,Mega Man's Soccer,Official,42,1,local,1,Mega Man Soccer (USA),2,Mega Man Soccer (USA),0,,"nointro,retroachievements"
1022,Metal Combat: Falcon's Revenge,Official,31,2,local,2,"Metal Combat - Falcon's Revenge (Europe),Metal Combat - Falcon's Revenge (USA)",4,"Metal Combat - Falcon's Revenge (Europe),Metal Combat - Falcon's Revenge (USA)",0,,"nointro,retroachievements"
1024,Metal Marines,Official,44,2,local,2,"Metal Marines (USA),Metal Marines (Europe)",4,"Metal Marines (USA),Metal Marines (Europe)",0,,"nointro,retroachievements"
1025,Metal Warriors,Official,25,3,local,3,Metal Warriors (USA),2,Metal Warriors (USA),0,,"nointro,retroachievements"
1027,Micro Machines,Official,58,1,local,1,Micro Machines (USA),2,Micro Machines (USA),0,,"nointro,retroachievements"
1028,~Prototype~ Mickey's Playtown Adventure: A Day of Discovery!,Prototype,30,1,local,1,Mickey's Playtown Adventure - A Day of Discovery! (USA) (Proto),2,Mickey's Playtown Adventure - A Day of Discovery! (USA) (Proto),0,,"nointro,retroachievements"
1029,Mickey's Ultimate Challenge,Official,33,1,local,1,Mickey's Ultimate Challenge (USA),2,Mickey's Ultimate Challenge (USA),0,,"nointro,retroachievements"
1032,Mighty Morphin Power Rangers: The Fighting Edition,Official,68,1,local,1,Mighty Morphin Power Rangers - The Fighting Edition (USA),2,Mighty Morphin Power Rangers - The Fighting Edition (USA),0,,"nointro,retroachievements"
1033,Mighty Morphin Power Rangers: The Movie,Official,29,2,local,2,"Mighty Morphin Power Rangers - The Movie (Europe),Mighty Morphin Power Rangers - The Movie (USA)",4,"Mighty Morphin Power Rangers - The Movie (Europe),Mighty Morphin Power Rangers - The Movie (USA)",0,,"nointro,retroachievements"
1034,Mighty Morphin Power Rangers,Official,21,2,local,2,"Mighty Morphin Power Rangers (Japan) (En),Mighty Morphin Power Rangers (USA)",4,"Mighty Morphin Power Rangers (Japan) (En),Mighty Morphin Power Rangers (USA)",0,,"nointro,retroachievements"
1036,Mohawk & Headphone Jack,Official,48,1,local,1,Mohawk & Headphone Jack (USA),2,Mohawk & Headphone Jack (USA),0,,"nointro,retroachievements"
1037,Monopoly,Official,29,2,local,2,"Monopoly (USA),Monopoly (USA) (Rev 1)",4,"Monopoly (USA),Monopoly (USA) (Rev 1)",0,,"nointro,retroachievements"
1038,Mortal Kombat,Official,33,5,local,3,"Mortal Kombat (USA),Mortal Kombat (Europe)",4,"Mortal Kombat (USA),Mortal Kombat (Europe)",0,,"nointro,retroachievements"
1040,Mr. Do!,Official,20,2,local,2,"Mr. Do! (Europe),Mr. Do! (USA)",4,"Mr. Do! (Europe),Mr. Do! (USA)",0,,"nointro,retroachievements"
1041,Mr. Nutz,Official,34,1,local,1,"Mr. Nutz (USA) (En,Fr)",2,"Mr. Nutz (USA) (En,Fr)",0,,"nointro,retroachievements"
1043,Musya: The Classic Japanese Tale of Horror,Official,19,1,local,1,Musya - The Classic Japanese Tale of Horror (USA),2,Musya - The Classic Japanese Tale of Horror (USA),0,,"nointro,retroachievements"
1045,NCW: Natsume Championship Wrestling,Official,22,1,local,1,Natsume Championship Wrestling (USA),2,Natsume Championship Wrestling (USA),0,,"nointro,retroachievements"
1049,NBA Jam: Tournament Edition,Official,53,1,local,1,NBA Jam - Tournament Edition (USA),2,NBA Jam - Tournament Edition (USA),0,,"nointro,retroachievements"
1057,Newman/Haas IndyCar featuring Nigel Mansell,Official,85,1,local,1,Newman Haas IndyCar featuring Nigel Mansell (USA),2,Newman Haas IndyCar featuring Nigel Mansell (USA),0,,"nointro,retroachievements"
1061,NHL '94,Official,25,1,local,1,NHL '94 (USA),2,NHL '94 (USA),0,,"nointro,retroachievements"
1069,Nigel Mansell's World Championship Racing,Official,73,3,local,3,"Nigel Mansell's World Championship Racing (Europe) (Rev 1),Nigel Mansell's World Championship Racing (Europe),Nigel Mansell's World Championship Racing (USA)",6,"Nigel Mansell's World Championship Racing (Europe) (Rev 1),Nigel Mansell's World Championship Racing (Europe),Nigel Mansell's World Championship Racing (USA)",0,,"nointro,retroachievements"
1071,Nobunaga's Ambition,Official,26,1,local,1,Nobunaga's Ambition (USA),2,Nobunaga's Ambition (USA),0,,"nointro,retroachievements"
1072,~Hack~ Final Fantasy IV: Ultima,Hack,80,15,local,15,,0,,0,,retroachievements
1076,Olympic Summer Games,Official,22,2,local,2,"Olympic Summer Games (Europe),Olympic Summer Games (USA)",4,"Olympic Summer Games (Europe),Olympic Summer Games (USA)",0,,"nointro,retroachievements"
1077,On the Ball,Official,39,3,local,3,"On the Ball (Europe),On the Ball (USA)",4,"On the Ball (Europe),On the Ball (USA)",0,,"nointro,retroachievements"
1081,Out of This World,Official,8,2,local,1,Out of This World (USA),2,Out of This World (USA),0,,"nointro,retroachievements"
1082,Pierre le Chef is... Out to Lunch,Official,101,2,local,2,"Out to Lunch (USA),Pierre le Chef is... Out to Lunch (Europe)",4,"Out to Lunch (USA),Pierre le Chef is... Out to Lunch (Europe)",0,,"nointro,retroachievements"
1086,Pac-Attack,Official,27,2,local,2,"Pac-Attack (Europe),Pac-Attack (USA)",4,"Pac-Attack (Europe),Pac-Attack (USA)",0,,"nointro,retroachievements"
1089,Pac-Man 2: The New Adventures,Official,43,1,local,1,Pac-Man 2 - The New Adventures (USA),2,Pac-Man 2 - The New Adventures (USA),0,,"nointro,retroachievements"
1090,Paladin's Quest,Official,79,1,local,1,Paladin's Quest (USA),2,Paladin's Quest (USA),0,,"nointro,retroachievements"
1095,Phalanx: The Enforce Fighter A-144,Official,68,1,local,1,Phalanx (USA),2,Phalanx (USA),0,,"nointro,retroachievements"
1097,Pieces,Official,80,1,local,1,Pieces (USA),2,Pieces (USA),0,,"nointro,retroachievements"
1099,Pitfall: The Mayan Adventure,Official,58,3,local,2,"Pitfall - The Mayan Adventure (USA),Pitfall - The Mayan Adventure (Europe)",4,"Pitfall - The Mayan Adventure (USA),Pitfall - The Mayan Adventure (Europe)",0,,"nointro,retroachievements"
1101,Plok!,Official,49,1,local,1,Plok (USA),2,Plok (USA),0,,"nointro,retroachievements"
1102,Pocky & Rocky 2,Official,85,3,local,3,"Pocky & Rocky 2 (Europe),Pocky & Rocky 2 (USA),Kiki Kaikai - Tsukiyo Soushi (Japan)",6,"Pocky & Rocky 2 (Europe),Pocky & Rocky 2 (USA),Kiki Kaikai - Tsukiyo Soushi (Japan)",0,,"nointro,retroachievements"
1103,Pocky & Rocky,Official,33,2,local,2,"Pocky & Rocky (Europe),Pocky & Rocky (USA)",4,"Pocky & Rocky (Europe),Pocky & Rocky (USA)",0,,"nointro,retroachievements"
1104,Populous,Official,39,1,local,1,Populous (USA),2,Populous (USA),0,,"nointro,retroachievements"
1105,Porky Pig's Haunted Holiday,Official,22,1,local,1,Porky Pig's Haunted Holiday (USA),2,Porky Pig's Haunted Holiday (USA),0,,"nointro,retroachievements"
1109,Power Rangers Zeo: Battle Racers,Official,17,1,local,1,Power Rangers Zeo - Battle Racers (USA),2,Power Rangers Zeo - Battle Racers (USA),0,,"nointro,retroachievements"
1110,Prehistorik Man,Official,55,1,local,1,"Prehistorik Man (USA) (En,Fr,Es)",2,"Prehistorik Man (USA) (En,Fr,Es)",0,,"nointro,retroachievements"
1112,Prince of Persia 2: The Shadow and the Flame,Official,30,2,local,2,"Prince of Persia 2 (USA),Prince of Persia 2 (Europe)",4,"Prince of Persia 2 (USA),Prince of Persia 2 (Europe)",0,,"nointro,retroachievements"
1113,Prince of Persia,Official,40,4,local,3,"Prince of Persia (Japan),Prince of Persia (USA)",4,"Prince of Persia (Japan),Prince of Persia (USA)",0,,"nointro,retroachievements"
1116,Push-Over,Official,10,1,local,1,Push-Over (USA),2,Push-Over (USA),0,,"nointro,retroachievements"
1117,Q*bert 3,Official,47,1,local,1,Q-bert 3 (USA),2,Q-bert 3 (USA),0,,"nointro,retroachievements"
1118,Race Drivin',Official,14,1,local,1,Race Drivin' (USA),2,Race Drivin' (USA),0,,"nointro,retroachievements"
1124,The Ren & Stimpy Show: Time Warp,Official,25,1,local,1,"Ren & Stimpy Show, The - Time Warp (USA)",2,"Ren & Stimpy Show, The - Time Warp (USA)",0,,nointro
1125,The Ren & Stimpy Show: Veediots!,Official,13,1,local,1,"Ren & Stimpy Show, The - Veediots! (USA)",2,"Ren & Stimpy Show, The - Veediots! (USA)",0,,"nointro,retroachievements"
1127,Revolution X,Official,13,1,local,1,Revolution X (USA),2,Revolution X (USA),0,,"nointro,retroachievements"
1131,Rise of the Robots,Official,11,2,local,2,"Rise of the Robots (Europe),Rise of the Robots (USA)",4,"Rise of the Robots (Europe),Rise of the Robots (USA)",0,,"nointro,retroachievements"
1134,RoboCop Versus The Terminator,Official,26,2,local,2,"RoboCop Versus The Terminator (Europe),RoboCop Versus The Terminator (USA)",4,"RoboCop Versus The Terminator (Europe),RoboCop Versus The Terminator (USA)",0,,"nointro,retroachievements"
1135,Robotrek,Official,120,1,local,1,Robotrek (USA),2,Robotrek (USA),0,,"nointro,retroachievements"
1137,Rocko's Modern Life: Spunky's Dangerous Day,Official,28,1,local,1,Rocko's Modern Life - Spunky's Dangerous Day (USA),2,Rocko's Modern Life - Spunky's Dangerous Day (USA),0,,"nointro,retroachievements"
1138,Rocky Rodent,Official,55,1,local,1,Rocky Rodent (USA),2,Rocky Rodent (USA),0,,"nointro,retroachievements"
1140,Romance of the Three Kingdoms II,Official,55,1,local,1,Romance of the Three Kingdoms II (USA),2,Romance of the Three Kingdoms II (USA),0,,"nointro,retroachievements"
1143,R-Type III: The Third Lightning,Official,31,3,local,2,"R-Type III (USA),R-Type III - The Third Lightning (Japan) (En)",4,"R-Type III (USA),R-Type III - The Third Lightning (Japan) (En)",0,,"nointro,retroachievements"
1144,SOS,Official,43,1,local,1,SOS (USA),2,SOS (USA),0,,"nointro,retroachievements"
1145,SWAT Kats: The Radical Squadron,Official,35,1,local,1,SWAT Kats - The Radical Squadron (USA),2,SWAT Kats - The Radical Squadron (USA),0,,"nointro,retroachievements"
1146,Saturday Night Slam Masters,Official,39,3,local,2,"Saturday Night Slam Masters (Europe),Saturday Night Slam Masters (USA)",4,"Saturday Night Slam Masters (Europe),Saturday Night Slam Masters (USA)",0,,"nointro,retroachievements"
1147,Scooby-Doo Mystery,Official,90,1,local,1,Scooby-Doo Mystery (USA),2,Scooby-Doo Mystery (USA),0,,"nointro,retroachievements"
1149,Shanghai II: Dragon's Eye,Official,26,1,local,1,Shanghai II - Dragon's Eye (USA),2,Shanghai II - Dragon's Eye (USA),0,,"nointro,retroachievements"
1150,Shaq-Fu,Official,31,3,local,2,"Shaq-Fu (Europe),Shaq-Fu (USA)",4,"Shaq-Fu (Europe),Shaq-Fu (USA)",0,,"nointro,retroachievements"
1151,Shien's Revenge,Official,16,1,local,1,Shien's Revenge (USA),2,Shien's Revenge (USA),0,,"nointro,retroachievements"
1152,Sid Meier's Civilization,Official,53,1,local,1,Sid Meier's Civilization (USA),2,Sid Meier's Civilization (USA),0,,"nointro,retroachievements"
1153,Side Pocket,Official,38,1,local,1,Side Pocket (USA),2,Side Pocket (USA),0,,"nointro,retroachievements"
1154,SimAnt: The Electronic Ant Colony,Official,39,1,local,1,SimAnt - The Electronic Ant Colony (USA),2,SimAnt - The Electronic Ant Colony (USA),0,,"nointro,retroachievements"
1155,SimCity 2000,Official,28,1,local,1,SimCity 2000 - The Ultimate City Simulator (USA),2,SimCity 2000 - The Ultimate City Simulator (USA),0,,"nointro,retroachievements"
1156,SimCity,Official,33,6,local,5,"SimCity (USA),SimCity (France),SimCity (Germany),SimCity (Japan)",8,"SimCity (USA),SimCity (France),SimCity (Germany),SimCity (Japan)",0,,"nointro,retroachievements"
1158,The Simpsons: Bart's Nightmare,Official,25,3,local,2,"Simpsons, The - Bart's Nightmare (USA),Simpsons, The - Bart's Nightmare (Europe)",4,"Simpsons, The - Bart's Nightmare (USA),Simpsons, The - Bart's Nightmare (Europe)",0,,"nointro,retroachievements"
1165,The Chaos Engine,Official,61,1,local,1,Soldiers of Fortune (USA),2,Soldiers of Fortune (USA),0,,"nointro,retroachievements"
1167,Sonic Blast Man,Official,28,1,local,1,Sonic Blast Man (USA),2,Sonic Blast Man (USA),0,,nointro
1168,Soul Blazer,Official,80,5,local,4,"Soul Blazer (France),Soul Blazer (Germany),Soul Blazer (USA)",6,"Soul Blazer (France),Soul Blazer (Germany),Soul Blazer (USA)",0,,"nointro,retroachievements"
1173,Spanky's Quest,Official,67,1,local,1,Spanky's Quest (USA),2,Spanky's Quest (USA),0,,"nointro,retroachievements"
1174,Sparkster,Official,73,1,local,1,Sparkster (USA),2,Sparkster (USA),0,,"nointro,retroachievements"
1175,Todd McFarlane's Spawn: The Video Game,Official,30,1,local,1,Todd McFarlane's Spawn - The Video Game (USA),2,Todd McFarlane's Spawn - The Video Game (USA),0,,"nointro,retroachievements"
1179,Spider-Man & Venom: Maximum Carnage,Official,46,1,local,1,Spider-Man - Venom - Maximum Carnage (USA),2,Spider-Man - Venom - Maximum Carnage (USA),0,,"nointro,retroachievements"
1180,Venom and Spider-Man: Separation Anxiety,Official,50,1,local,1,Venom - Spider-Man - Separation Anxiety (USA),2,Venom - Spider-Man - Separation Anxiety (USA),0,,"nointro,retroachievements"
1181,Spindizzy Worlds,Official,71,2,local,2,"Spindizzy Worlds (Europe),Spindizzy Worlds (USA)",4,"Spindizzy Worlds (Europe),Spindizzy Worlds (USA)",0,,"nointro,retroachievements"
1184,Star Trek: Deep Space Nine - Crossroads of Time,Official,32,2,local,2,"Star Trek - Deep Space Nine - Crossroads of Time (Europe),Star Trek - Deep Space Nine - Crossroads of Time (USA)",4,"Star Trek - Deep Space Nine - Crossroads of Time (Europe),Star Trek - Deep Space Nine - Crossroads of Time (USA)",0,,"nointro,retroachievements"
1185,Star Trek: Starfleet Academy,Official,35,2,local,2,"Star Trek - Starfleet Academy - Starship Bridge Simulator (Europe),Star Trek - Starfleet Academy - Starship Bridge Simulator (USA)",4,"Star Trek - Starfleet Academy - Starship Bridge Simulator (Europe),Star Trek - Starfleet Academy - Starship Bridge Simulator (USA)",0,,"nointro,retroachievements"
1186,Star Trek: The Next Generation,Official,28,2,local,2,"Star Trek - The Next Generation - Future's Past (Europe),Star Trek - The Next Generation - Future's Past (USA)",4,"Star Trek - The Next Generation - Future's Past (Europe),Star Trek - The Next Generation - Future's Past (USA)",0,,"nointro,retroachievements"
1187,Stargate,Official,31,1,local,1,Stargate (USA),2,Stargate (USA),0,,"nointro,retroachievements"
1192,Street Fighter II: The World Warrior,Official,31,3,local,2,"Street Fighter II (Europe),Street Fighter II (USA)",4,"Street Fighter II (Europe),Street Fighter II (USA)",0,,"nointro,retroachievements"
1196,Stunt Race FX,Official,55,2,local,2,"Stunt Race FX (USA) (Rev 1),Stunt Race FX (Europe)",4,"Stunt Race FX (USA) (Rev 1),Stunt Race FX (Europe)",0,,"nointro,retroachievements"
1197,Super Adventure Island II,Official,49,2,local,2,"Super Adventure Island II (USA),Super Adventure Island II (Europe)",4,"Super Adventure Island II (USA),Super Adventure Island II (Europe)",0,,"nointro,retroachievements"
1198,Super Adventure Island,Official,20,3,local,2,"Super Adventure Island (USA),Super Adventure Island (Europe)",4,"Super Adventure Island (USA),Super Adventure Island (Europe)",0,,"nointro,retroachievements"
1207,Super Battletank 2,Official,20,1,local,1,Super Battletank 2 (USA),2,Super Battletank 2 (USA),0,,"nointro,retroachievements"
1208,Super Black Bass,Official,36,1,local,1,Super Black Bass (USA),2,Super Black Bass (USA),0,,"nointro,retroachievements"
1209,Super Bonk,Official,23,2,local,2,"Super B.C. Kid (Europe),Super Bonk (USA)",4,"Super B.C. Kid (Europe),Super Bonk (USA)",0,,"nointro,retroachievements"
1210,Super Bowling,Official,20,1,local,1,Super Bowling (USA),2,Super Bowling (USA),0,,"nointro,retroachievements"
1213,Super Chase H.Q.,Official,28,1,local,1,Super Chase H.Q. (USA),2,Super Chase H.Q. (USA),0,,"nointro,retroachievements"
1215,Super E.D.F.: Earth Defense Force,Official,29,3,local,2,"Super E.D.F. (Japan) (En),Earth Defense Force (USA)",4,"Super E.D.F. (Japan) (En),Earth Defense Force (USA)",0,,"nointro,retroachievements"
1216,Super Ghouls 'n Ghosts,Official,50,2,local,1,Super Ghouls 'N Ghosts (USA),2,Super Ghouls 'N Ghosts (USA),0,,"nointro,retroachievements"
1218,Super Godzilla,Official,40,1,local,1,Super Godzilla (USA),2,Super Godzilla (USA),0,,"nointro,retroachievements"
1220,Super James Pond,Official,44,3,local,3,"Super James Pond (USA),Super James Pond (Europe),Super James Pond II (Japan)",6,"Super James Pond (USA),Super James Pond (Europe),Super James Pond II (Japan)",0,,"nointro,retroachievements"
1223,Darius Force,Official,40,1,local,1,Super Nova (USA),2,Super Nova (USA),0,,"nointro,retroachievements"
1225,Super Pinball: Behind the Mask,Official,39,1,local,1,Super Pinball - Behind the Mask (USA),2,Super Pinball - Behind the Mask (USA),0,,"nointro,retroachievements"
1229,Super R-Type,Official,40,3,local,2,"Super R-Type (Japan) (En),Super R-Type (USA)",4,"Super R-Type (Japan) (En),Super R-Type (USA)",0,,"nointro,retroachievements"
1233,Super Smash T.V.,Official,27,2,local,2,"Super Smash T.V. (Europe),Super Smash T.V. (USA)",4,"Super Smash T.V. (Europe),Super Smash T.V. (USA)",0,,"nointro,retroachievements"
1234,~Homebrew~ New Super Mario Land,Homebrew,17,2,local,1,New Super Mario Land (World) (v1.5) (Aftermarket) (Unl),2,New Super Mario Land (World) (v1.5) (Aftermarket) (Unl),0,,"nointro,retroachievements"
1235,Super Soccer,Official,50,1,local,1,Super Soccer (USA),2,Super Soccer (USA),0,,"nointro,retroachievements"
1236,Super Solitaire,Official,16,1,local,1,"Super Solitaire (USA) (En,Fr,De,Es,It)",2,"Super Solitaire (USA) (En,Fr,De,Es,It)",0,,"nointro,retroachievements"
1237,Super Star Wars: Return of the Jedi,Official,34,2,local,1,Super Star Wars - Return of the Jedi (USA),2,Super Star Wars - Return of the Jedi (USA),0,,"nointro,retroachievements"
1240,Super Tennis,Official,43,4,local,3,"Super Tennis (Europe),Super Tennis (USA),Super Tennis (Europe) (Rev 1)",6,"Super Tennis (Europe),Super Tennis (USA),Super Tennis (Europe) (Rev 1)",0,,"nointro,retroachievements"
1242,Super Turrican 2,Official,24,1,local,1,Super Turrican 2 (USA),2,Super Turrican 2 (USA),0,,"nointro,retroachievements"
1244,Super Valis IV,Official,26,2,local,2,"Super Valis - Akaki Tsuki no Otome (Japan),Super Valis IV (USA)",4,"Super Valis - Akaki Tsuki no Otome (Japan),Super Valis IV (USA)",0,,"nointro,retroachievements"
1245,Super Widget,Official,100,1,local,1,Super Widget (USA),2,Super Widget (USA),0,,"nointro,retroachievements"
1247,~Hack~ Final Fantasy VI: Brave New World,Hack,76,5,local,5,,0,,0,,retroachievements
1248,T2: The Arcade Game,Official,29,2,local,2,"T2 - The Arcade Game (Europe),T2 - The Arcade Game (USA)",4,"T2 - The Arcade Game (Europe),T2 - The Arcade Game (USA)",0,,"nointro,retroachievements"
1249,Taz-Mania,Official,34,1,local,1,Taz-Mania (USA),2,Taz-Mania (USA),0,,"nointro,retroachievements"
1250,Tecmo Secret of the Stars,Official,102,1,local,1,Tecmo Secret of the Stars (USA),2,Tecmo Secret of the Stars (USA),0,,"nointro,retroachievements"
1256,Teenage Mutant Ninja Turtles: Tournament Fighters,Official,38,4,local,3,"Teenage Mutant Ninja Turtles - Mutant Warriors (Japan),Teenage Mutant Ninja Turtles - Tournament Fighters (USA),Teenage Mutant Hero Turtles - Tournament Fighters (Europe)",6,"Teenage Mutant Ninja Turtles - Mutant Warriors (Japan),Teenage Mutant Ninja Turtles - Tournament Fighters (USA),Teenage Mutant Hero Turtles - Tournament Fighters (Europe)",0,,"nointro,retroachievements"
1257,Terminator 2: Judgment Day,Official,16,2,local,2,"Terminator 2 - Judgment Day (Europe),Terminator 2 - Judgment Day (USA)",4,"Terminator 2 - Judgment Day (Europe),Terminator 2 - Judgment Day (USA)",0,,"nointro,retroachievements"
1258,The Terminator,Official,15,1,local,1,"Terminator, The (USA)",2,"Terminator, The (USA)",0,,"nointro,retroachievements"
1259,Tetris & Dr. Mario,Official,40,2,local,1,Tetris & Dr. Mario (USA),2,Tetris & Dr. Mario (USA),0,,"nointro,retroachievements"
1260,Tetris 2,Official,23,2,local,2,"Tetris 2 (Europe),Tetris 2 (USA)",4,"Tetris 2 (Europe),Tetris 2 (USA)",0,,"nointro,retroachievements"
1261,Thomas the Tank Engine & Friends,Official,8,1,local,1,Thomas the Tank Engine & Friends (USA),2,Thomas the Tank Engine & Friends (USA),0,,"nointro,retroachievements"
1262,~Hack~ Mega Man X: Generation,Hack,47,2,local,2,,0,,0,,retroachievements
1264,The Tick,Official,51,1,local,1,"Tick, The (USA)",2,"Tick, The (USA)",0,,"nointro,retroachievements"
1268,Timon and Pumbaa's Jungle Games,Official,24,2,local,2,"Timon & Pumbaa's Jungle Games (USA),Timon & Pumbaa's Jungle Games (Europe)",4,"Timon & Pumbaa's Jungle Games (USA),Timon & Pumbaa's Jungle Games (Europe)",0,,"nointro,retroachievements"
1269,Tin Star,Official,19,1,local,1,Tin Star (USA),2,Tin Star (USA),0,,"nointro,retroachievements"
1270,Tiny Toon Adventures: Buster Busts Loose!,Official,31,1,local,1,Tiny Toon Adventures - Buster Busts Loose! (USA),2,Tiny Toon Adventures - Buster Busts Loose! (USA),0,,"nointro,retroachievements"
1274,Tom and Jerry,Official,33,1,local,1,Tom and Jerry (USA),2,Tom and Jerry (USA),0,,"nointro,retroachievements"
1277,Top Gear 2,Official,111,4,local,1,Top Gear 2 (USA),2,Top Gear 2 (USA),0,,"nointro,retroachievements"
1278,Top Gear 3000,Official,40,2,local,1,Top Gear 3000 (USA),2,Top Gear 3000 (USA),0,,"nointro,retroachievements"
1285,True Lies,Official,27,1,local,1,True Lies (USA),2,True Lies (USA),0,,"nointro,retroachievements"
1287,The Twisted Tales of Spike McFang,Official,35,1,local,1,"Twisted Tales of Spike McFang, The (USA)",2,"Twisted Tales of Spike McFang, The (USA)",0,,"nointro,retroachievements"
1288,Ultima: Runes of Virtue II,Official,60,1,local,1,Ultima - Runes of Virtue II (USA),2,Ultima - Runes of Virtue II (USA),0,,nointro
1289,Ultima VI: The False Prophet,Official,102,2,local,2,Ultima - The False Prophet (USA),2,Ultima - The False Prophet (USA),0,,"nointro,retroachievements"
1290,Ultima VII: The Black Gate,Official,57,1,local,1,Ultima - The Black Gate (USA),2,Ultima - The Black Gate (USA),0,,"nointro,retroachievements"
1293,Uncharted Waters: New Horizons,Official,142,1,local,1,New Horizons (USA),2,New Horizons (USA),0,,"nointro,retroachievements"
1294,Uncharted Waters,Official,43,1,local,1,Uncharted Waters (USA),2,Uncharted Waters (USA),0,,"nointro,retroachievements"
1295,Uniracers,Official,24,1,local,1,Uniracers (USA),2,Uniracers (USA),0,,"nointro,retroachievements"
1300,Vegas Stakes,Official,43,1,local,1,Vegas Stakes (USA),2,Vegas Stakes (USA),0,,"nointro,retroachievements"
1302,Ys III: Wanderers from Ys,Official,46,2,local,1,Ys III - Wanderers from Ys (USA),2,Ys III - Wanderers from Ys (USA),0,,"nointro,retroachievements"
1305,Wario's Woods,Official,23,1,local,1,Wario's Woods (USA),2,Wario's Woods (USA),0,,"nointro,retroachievements"
1309,Wayne's World,Official,15,2,local,2,"Wayne's World (USA),Wayne's World (Europe)",4,"Wayne's World (USA),Wayne's World (Europe)",0,,"nointro,retroachievements"
1312,We're Back! A Dinosaur's Story,Official,52,1,local,1,We're Back! - A Dinosaur's Story (USA),2,We're Back! - A Dinosaur's Story (USA),0,,"nointro,retroachievements"
1315,Where in the World is Carmen Sandiego?,Official,13,1,local,1,"Where in the World Is Carmen Sandiego (USA) (En,Fr,De,Es,It)",2,"Where in the World Is Carmen Sandiego (USA) (En,Fr,De,Es,It)",0,,"nointro,retroachievements"
1322,Wing Commander,Official,45,2,local,1,Wing Commander (USA),2,Wing Commander (USA),0,,"nointro,retroachievements"
1325,The Wizard of Oz,Official,51,1,local,1,"Wizard of Oz, The (USA)",2,"Wizard of Oz, The (USA)",0,,"nointro,retroachievements"
1326,Wizardry V: Heart of the Maelstrom,Official,60,1,local,1,Wizardry V - Heart of the Maelstrom (USA),2,Wizardry V - Heart of the Maelstrom (USA),0,,"nointro,retroachievements"
1327,Wolfchild,Official,43,2,local,1,Wolfchild (USA),2,Wolfchild (USA),0,,"nointro,retroachievements"
1328,Wolfenstein 3D,Official,50,3,local,2,"Wolfenstein 3-D (USA),Wolfenstein 3D (Europe)",4,"Wolfenstein 3-D (USA),Wolfenstein 3D (Europe)",0,,"nointro,retroachievements"
1329,Wolverine: Adamantium Rage,Official,32,2,local,2,"Wolverine - Adamantium Rage (USA),Wolverine - Adamantium Rage (Europe)",4,"Wolverine - Adamantium Rage (USA),Wolverine - Adamantium Rage (Europe)",0,,"nointro,retroachievements"
1330,~Hack~ Waterworld,Hack,30,1,local,1,,0,,0,,retroachievements
1332,World Heroes 2,Official,22,2,local,2,"World Heroes 2 (USA),World Heroes 2 (Japan)",4,"World Heroes 2 (USA),World Heroes 2 (Japan)",0,,"nointro,retroachievements"
1333,World Heroes,Official,12,2,local,2,"World Heroes (USA),World Heroes (Europe)",4,"World Heroes (USA),World Heroes (Europe)",0,,"nointro,retroachievements"
1337,WWF Raw,Official,45,2,local,2,"WWF Raw (USA),WWF Raw (Europe)",4,"WWF Raw (USA),WWF Raw (Europe)",0,,"nointro,retroachievements"
1338,WWF Royal Rumble,Official,26,1,local,1,WWF Royal Rumble (USA),2,WWF Royal Rumble (USA),0,,"nointro,retroachievements"
1339,WWF Super WrestleMania,Official,16,2,local,2,"WWF Super WrestleMania (Japan) (En),WWF Super WrestleMania (USA)",4,"WWF Super WrestleMania (Japan) (En),WWF Super WrestleMania (USA)",0,,"nointro,retroachievements"
1340,WWF WrestleMania: The Arcade Game,Official,34,1,local,1,WWF WrestleMania - The Arcade Game (USA),2,WWF WrestleMania - The Arcade Game (USA),0,,"nointro,retroachievements"
1341,X-Zone,Official,21,1,local,1,"X Zone (Japan, USA) (En)",2,"X Zone (Japan, USA) (En)",0,,"nointro,retroachievements"
1342,Xardion,Official,39,2,local,1,Xardion (USA),2,Xardion (USA),0,,"nointro,retroachievements"
1343,X-Kaliber 2097,Official,17,1,local,1,X-Kaliber 2097 (USA),2,X-Kaliber 2097 (USA),0,,"nointro,retroachievements"
1344,X-Men: Mutant Apocalypse,Official,47,2,local,2,"X-Men - Mutant Apocalypse (USA),X-Men - Mutant Apocalypse (Japan)",4,"X-Men - Mutant Apocalypse (USA),X-Men - Mutant Apocalypse (Japan)",0,,"nointro,retroachievements"
1345,Adventures of Yogi Bear,Official,61,1,local,1,Adventures of Yogi Bear (USA),2,Adventures of Yogi Bear (USA),0,,nointro
1346,Yoshi's Cookie,Official,77,2,local,2,"Yoshi's Cookie (Europe),Yoshi's Cookie (USA)",4,"Yoshi's Cookie (Europe),Yoshi's Cookie (USA)",0,,"nointro,retroachievements"
1347,Yoshi's Safari,Official,45,2,local,2,"Yoshi's Safari (Europe),Yoshi's Safari (USA)",4,"Yoshi's Safari (Europe),Yoshi's Safari (USA)",0,,"nointro,retroachievements"
1348,Young Merlin,Official,20,2,local,2,"Young Merlin (Europe),Young Merlin (USA)",4,"Young Merlin (Europe),Young Merlin (USA)",0,,"nointro,retroachievements"
1350,Zoop,Official,19,1,local,1,Zoop (USA),2,Zoop (USA),0,,"nointro,retroachievements"
1353,Pinocchio,Official,37,1,local,1,Pinocchio (USA),2,Pinocchio (USA),0,,"nointro,retroachievements"
1354,Tiny Toon Adventures: Wacky Sports Challenge,Official,59,2,local,2,"Tiny Toon Adventures - Wacky Sports Challenge (USA),Tiny Toon Adventures - Wild & Wacky Sports (Europe)",4,"Tiny Toon Adventures - Wacky Sports Challenge (USA),Tiny Toon Adventures - Wild & Wacky Sports (Europe)",0,,"nointro,retroachievements"
1361,Ghost Sweeper Mikami: Joreishi wa Nice Body,Official,18,1,local,1,GS Mikami - Joreishi wa Nice Body (Japan),2,GS Mikami - Joreishi wa Nice Body (Japan),0,,"nointro,retroachievements"
1366,Bishoujo Senshi Sailor Moon: Another Story,Official,40,8,local,7,Bishoujo Senshi Sailor Moon - Another Story (Japan),2,Bishoujo Senshi Sailor Moon - Another Story (Japan),0,,"nointro,retroachievements"
1374,Super Bomberman 4,Official,37,2,local,2,Super Bomberman 4 (Japan),2,Super Bomberman 4 (Japan),0,,"nointro,retroachievements"
1383,~Hack~ Chrono Trigger: Flames of Eternity,Hack,77,3,local,3,,0,,0,,retroachievements
1384,~Hack~ Chrono Trigger: Prophet's Guile,Hack,20,2,local,2,,0,,0,,retroachievements
1386,Final Fantasy V,Official,116,13,local,11,Final Fantasy V (Japan),2,Final Fantasy V (Japan),0,,"nointro,retroachievements"
1388,Radical Dreamers: Nusumenai Houseki,Official,25,2,local,1,,0,,0,,retroachievements
1391,Trials of Mana,Official,100,11,local,9,Trials of Mana (World) (En) (Collection of Mana),2,Trials of Mana (World) (En) (Collection of Mana),0,,"nointro,retroachievements"
1392,Star Ocean,Official,67,7,local,6,Star Ocean (Japan),2,Star Ocean (Japan),0,,"nointro,retroachievements"
1405,Dragon Quest I & II,Official,68,5,local,5,Dragon Quest I & II (Japan),2,Dragon Quest I & II (Japan),0,,"nointro,retroachievements"
1408,Front Mission: Gun Hazard,Official,112,1,local,1,,0,,0,,retroachievements
1411,Live-A-Live,Official,93,3,local,3,Live A Live (Japan),2,Live A Live (Japan),0,,"nointro,retroachievements"
1412,Ogre Battle: The March of the Black Queen,Official,93,1,local,1,Ogre Battle - The March of the Black Queen (USA),2,Ogre Battle - The March of the Black Queen (USA),0,,"nointro,retroachievements"
1415,Treasure Hunter G,Official,70,2,local,2,Treasure Hunter G (Japan),2,Treasure Hunter G (Japan),0,,"nointro,retroachievements"
1424,Super Star Wars: The Empire Strikes Back,Official,46,2,local,1,Super Star Wars - The Empire Strikes Back (USA),2,Super Star Wars - The Empire Strikes Back (USA),0,,"nointro,retroachievements"
1444,Super Bomberman 5: Gold Cartridge,Official,46,1,local,1,Super Bomberman 5 - Caravan Event Ban (Japan),2,Super Bomberman 5 - Caravan Event Ban (Japan),0,,"nointro,retroachievements"
1450,Dragon Ball Z: Super Saiya Densetsu,Official,60,5,local,5,Dragon Ball Z - Super Saiya Densetsu (Japan) (Rev 1),2,Dragon Ball Z - Super Saiya Densetsu (Japan) (Rev 1),0,,"nointro,retroachievements"
1508,~Hack~ Super Mario Bros. Enhanced,Hack,48,1,local,1,,0,,0,,retroachievements
2117,Ys IV: Mask of the Sun,Official,40,3,local,2,Ys IV - Mask of the Sun (Japan),2,Ys IV - Mask of the Sun (Japan),0,,"nointro,retroachievements"
2132,Doom,Official,63,2,local,2,"Doom (Japan) (En),Doom (USA)",4,"Doom (Japan) (En),Doom (USA)",0,,"nointro,retroachievements"
2148,Dragon Quest V,Official,70,3,local,3,Dragon Quest V - Tenkuu no Hanayome (Japan),2,Dragon Quest V - Tenkuu no Hanayome (Japan),0,,"nointro,retroachievements"
2156,Umihara Kawase,Official,67,3,local,3,Umihara Kawase (Japan),2,Umihara Kawase (Japan),0,,"nointro,retroachievements"
2209,Tales of Phantasia,Official,76,6,local,6,Tales of Phantasia (Japan),2,Tales of Phantasia (Japan),0,,"nointro,retroachievements"
2219,Daze Before Christmas,Official,18,1,local,1,Daze Before Christmas (Europe),2,Daze Before Christmas (Europe),0,,"nointro,retroachievements"
2234,Tetris Battle Gaiden,Official,41,4,local,4,Tetris Battle Gaiden (Japan),2,Tetris Battle Gaiden (Japan),0,,"nointro,retroachievements"
2236,Pop'n Twinbee: Rainbow Bell Adventures,Official,130,2,local,2,TwinBee - Rainbow Bell Adventure (Japan),2,TwinBee - Rainbow Bell Adventure (Japan),0,,"nointro,retroachievements"
2237,Whirlo,Official,51,2,local,2,"Whirlo (Europe),Xandra no Daibouken - Valkyrie to no Deai (Japan)",4,"Whirlo (Europe),Xandra no Daibouken - Valkyrie to no Deai (Japan)",0,,"nointro,retroachievements"
2257,Bahamut Lagoon,Official,150,2,local,2,,0,,0,,retroachievements
2345,~Hack~ The Legend of Zelda: Parallel Worlds,Hack,100,3,local,3,,0,,0,,retroachievements
2347,Bishoujo Senshi Sailor Moon,Official,18,1,local,1,Bishoujo Senshi Sailor Moon (Japan),2,Bishoujo Senshi Sailor Moon (Japan),0,,"nointro,retroachievements"
2369,Ganpuru: Gunman's Proof,Official,64,1,local,1,,0,,0,,retroachievements
2373,Magical Drop II,Official,22,1,local,1,Magical Drop 2 (Japan),2,Magical Drop 2 (Japan),0,,"nointro,retroachievements"
2374,Clock Tower,Official,38,5,local,5,Clock Tower (Japan),2,Clock Tower (Japan),0,,"nointro,retroachievements"
2390,Gokujou Parodius,Official,57,3,local,3,Gokujou Parodius (Japan),2,Gokujou Parodius (Japan),0,,"nointro,retroachievements"
2423,Shin Nekketsu Kouha: Kunio-tachi no Banka,Official,27,3,local,3,Shin Nekketsu Kouha - Kunio-tachi no Banka (Japan),2,Shin Nekketsu Kouha - Kunio-tachi no Banka (Japan),0,,"nointro,retroachievements"
2425,Bishoujo Senshi Sailor Moon R,Official,16,3,local,3,Bishoujo Senshi Sailor Moon R (Japan),2,Bishoujo Senshi Sailor Moon R (Japan),0,,"nointro,retroachievements"
2429,~Unlicensed~ Sextris + Hentai Columns,Unlicensed,12,2,local,2,Sextris (Peru) (En) (Pirate),2,Sextris (Peru) (En) (Pirate),0,,"nointro,retroachievements"
2546,Smash Tennis,Official,25,1,local,1,Smash Tennis (Europe),2,Smash Tennis (Europe),0,,"nointro,retroachievements"
2599,Mystic Ark,Official,89,1,local,1,,0,,0,,retroachievements
2601,Marvelous: Mouhitotsu no Takarajima,Official,89,2,local,2,Marvelous - Mouhitotsu no Takara-jima (Japan),2,Marvelous - Mouhitotsu no Takara-jima (Japan),0,,"nointro,retroachievements"
2602,Majuuou,Official,46,3,local,3,Majuu Ou (Japan),2,Majuu Ou (Japan),0,,"nointro,retroachievements"
2605,~Prototype~ Batman,Prototype,6,1,local,1,Batman (USA) (Proto),2,Batman (USA) (Proto),0,,"nointro,retroachievements"
2608,~Hack~ Mario Forever: SMW Edition,Hack,45,1,local,1,,0,,0,,retroachievements
2610,Parodius: Non-Sense Fantasy,Official,88,1,local,1,Parodius (Europe),2,Parodius (Europe),0,,"nointro,retroachievements"
2611,Neugier: Umi to Kaze no Kodou,Official,20,2,local,2,Neugier - Umi to Kaze no Kodou (Japan),2,Neugier - Umi to Kaze no Kodou (Japan),0,,"nointro,retroachievements"
2612,Monstania,Official,27,2,local,2,Monstania (Japan),2,Monstania (Japan),0,,"nointro,retroachievements"
2614,Ganbare Goemon 2: Kiteretsu Shougun Magginesu,Official,31,4,local,4,Ganbare Goemon 2 - Kiteretsu Shougun McGuiness (Japan),2,Ganbare Goemon 2 - Kiteretsu Shougun McGuiness (Japan),0,,"nointro,retroachievements"
2619,Ganbare Goemon 3: Shishi Juurokubei no Karakuri Manjigatame,Official,64,2,local,2,Ganbare Goemon 3 - Shishi Juurokubee no Karakuri Manjigatame (Japan),2,Ganbare Goemon 3 - Shishi Juurokubee no Karakuri Manjigatame (Japan),0,,"nointro,retroachievements"
2620,Skyblazer,Official,46,1,local,1,Skyblazer (USA),2,Skyblazer (USA),0,,"nointro,retroachievements"
2628,Donkey Kong Country 2: Diddy's Kong Quest [Subset - Bonus],Official,41,1,unmatched,0,,0,,0,,
2639,Alcahest,Official,87,3,local,3,Alcahest (Japan),2,Alcahest (Japan),0,,"nointro,retroachievements"
2641,The Amazing Spider-Man: Lethal Foes,Official,25,2,local,2,"Amazing Spider-Man, The - Lethal Foes (Japan)",2,"Amazing Spider-Man, The - Lethal Foes (Japan)",0,,"nointro,retroachievements"
2651,Arabian Nights: Desert Spirit King,Official,66,2,local,2,Arabian Nights - Sabaku no Seirei Ou (Japan),2,Arabian Nights - Sabaku no Seirei Ou (Japan),0,,"nointro,retroachievements"
2659,Ashita no Joe,Official,17,2,local,2,Ashita no Joe (Japan),2,Ashita no Joe (Japan),0,,"nointro,retroachievements"
2665,Ball Bullet Gun,Official,65,2,local,1,Ball Bullet Gun (Japan),2,Ball Bullet Gun (Japan),0,,nointro
2667,~Hack~ MARIO,Hack,6,1,local,1,,0,,0,,retroachievements
2673,Battle Master: Kyuukyoku no Senshitachi,Official,14,1,local,1,Battle Master - Kyuukyoku no Senshi-tachi (Japan),2,Battle Master - Kyuukyoku no Senshi-tachi (Japan),0,,"nointro,retroachievements"
2674,Holy Umbrella: Dondera no Mubou!!,Official,71,1,local,1,,0,,0,,retroachievements
2681,Battle Zeque Den,Official,76,1,local,1,Battle Zeque Den (Japan),2,Battle Zeque Den (Japan),0,,"nointro,retroachievements"
2692,Bishoujo Senshi Sailor Moon S: Jougai Rantou! Shuyaku Soudatsusen,Official,32,1,local,1,Bishoujo Senshi Sailor Moon S - Jougai Rantou! Shuyaku Soudatsusen (Japan),2,Bishoujo Senshi Sailor Moon S - Jougai Rantou! Shuyaku Soudatsusen (Japan),0,,"nointro,retroachievements"
2695,Bishoujo Senshi Sailor Moon Super S: Fuwa Fuwa Panic,Official,41,3,local,3,Bishoujo Senshi Sailor Moon SuperS - Fuwafuwa Panic (Japan),2,Bishoujo Senshi Sailor Moon SuperS - Fuwafuwa Panic (Japan),0,,"nointro,retroachievements"
2701,Bomberman B-Daman,Official,20,1,local,1,Bomberman B-Daman (Japan),2,Bomberman B-Daman (Japan),0,,"nointro,retroachievements"
2705,Brandish 2: The Planet Buster,Official,62,1,local,1,,0,,0,,retroachievements
2714,Bushi Seiryuuden: Futari no Yuusha,Official,50,2,local,2,Bushi Seiryuuden - Futari no Yuusha (Japan),2,Bushi Seiryuuden - Futari no Yuusha (Japan),0,,"nointro,retroachievements"
2717,Captain Tsubasa III: Koutei no Chousen | Challenge of the Kaiser,Official,50,3,local,3,Captain Tsubasa III - Koutei no Chousen (Japan),2,Captain Tsubasa III - Koutei no Chousen (Japan),0,,"nointro,retroachievements"
2724,Chaos Seed: Fuusui Kairoki,Official,40,2,local,2,Chaos Seed - Fuusui Kairouki (Japan),2,Chaos Seed - Fuusui Kairouki (Japan),0,,"nointro,retroachievements"
2732,Choujikuu Yousai Macross: Scrambled Valkyrie,Official,46,2,local,1,Choujikuu Yousai Macross - Scrambled Valkyrie (Japan) (En),2,Choujikuu Yousai Macross - Scrambled Valkyrie (Japan) (En),0,,"nointro,retroachievements"
2740,Coron Land,Official,26,1,local,1,Coron Land (Japan),2,Coron Land (Japan),0,,"nointro,retroachievements"
2741,Cosmo Gang: The Puzzle,Official,32,1,local,1,Cosmo Gang - The Puzzle (Japan),2,Cosmo Gang - The Puzzle (Japan),0,,"nointro,retroachievements"
2742,Cosmo Gang: The Video,Official,19,1,local,1,Cosmo Gang - The Video (Japan),2,Cosmo Gang - The Video (Japan),0,,"nointro,retroachievements"
2743,Cosmo Police Galivan II: Arrow of Justice,Official,37,1,local,1,Cosmo Police Galivan II - Arrow of Justice (Japan),2,Cosmo Police Galivan II - Arrow of Justice (Japan),0,,"nointro,retroachievements"
2747,Crystal Beans From Dungeon Explorer,Official,96,1,local,1,,0,,0,,retroachievements
2751,Cyborg 009,Official,19,2,local,2,Cyborg 009 (Japan),2,Cyborg 009 (Japan),0,,"nointro,retroachievements"
2768,Dark Law: Meaning of Death,Official,54,2,local,2,Dark Law - Meaning of Death (Japan),2,Dark Law - Meaning of Death (Japan),0,,"nointro,retroachievements"
2773,~Hack~ Hack 3,Hack,27,1,local,1,,0,,0,,retroachievements
2796,Donald Duck no Mahou no Boushi,Official,58,2,local,2,Donald Duck no Mahou no Boushi (Japan),2,Donald Duck no Mahou no Boushi (Japan),0,,"nointro,retroachievements"
2802,Do-Re-Mi Fantasy: Milon no Dokidoki Daibouken,Official,26,6,local,6,DoReMi Fantasy - Milon no Dokidoki Daibouken (Japan),2,DoReMi Fantasy - Milon no Dokidoki Daibouken (Japan),0,,"nointro,retroachievements"
2803,Dossun! Ganseki Battle,Official,29,2,local,2,Dossun! Ganseki Battle (Japan),2,Dossun! Ganseki Battle (Japan),0,,"nointro,retroachievements"
2807,Dragon Ball Z: Hyper Dimension,Official,26,2,local,2,Dragon Ball Z - Hyper Dimension (Japan),2,Dragon Ball Z - Hyper Dimension (Japan),0,,"nointro,retroachievements"
2808,Dragon Ball Z: Super Butouden,Official,44,2,local,2,"Dragon Ball Z - Super Butouden (Japan),Dragon Ball Z - Super Butouden (France)",4,"Dragon Ball Z - Super Butouden (Japan),Dragon Ball Z - Super Butouden (France)",0,,"nointro,retroachievements"
2809,Dragon Ball Z: Super Butouden 3,Official,17,1,local,1,Dragon Ball Z - Super Butouden 3 (Japan),2,Dragon Ball Z - Super Butouden 3 (Japan),0,,"nointro,retroachievements"
2811,Dragon Ball Z: Super Gokuden Totsugeki Hen,Official,67,1,local,1,,0,,0,,retroachievements
2817,Super Buster Bros.,Official,66,2,local,2,"Super Pang (Japan),Super Buster Bros. (USA) (Rev 1)",4,"Super Pang (Japan),Super Buster Bros. (USA) (Rev 1)",0,,"nointro,retroachievements"
2829,Dual Orb II,Official,52,2,local,2,Dual Orb II (Japan),2,Dual Orb II (Japan),0,,"nointro,retroachievements"
2836,Eien no Filena,Official,54,2,local,2,Eien no Filerna (Japan),2,Eien no Filerna (Japan),0,,"nointro,retroachievements"
2840,Emerald Dragon,Official,60,1,local,1,,0,,0,,retroachievements
2842,~Hack~ Super Mario World: Tsunami Island,Hack,25,1,local,1,,0,,0,,retroachievements
2844,Energy Breaker,Official,60,2,local,2,Energy Breaker (Japan),2,Energy Breaker (Japan),0,,"nointro,retroachievements"
2858,Youkai Buster: Ruka no Daibouken,Official,56,1,local,1,Youkai Buster - Ruka no Daibouken (Japan),2,Youkai Buster - Ruka no Daibouken (Japan),0,,"nointro,retroachievements"
2864,Famicom Detective Club - Part II: Ushiro ni Tatsu Shoujo,Official,36,3,local,3,Famicom Tantei Club Part II - Ushiro ni Tatsu Shoujo (Japan) (NP),2,Famicom Tantei Club Part II - Ushiro ni Tatsu Shoujo (Japan) (NP),0,,"nointro,retroachievements"
2865,~Hack~ A Plumber For All Seasons,Hack,76,1,local,1,,0,,0,,retroachievements
2868,FEDA: The Emblem of Justice,Official,59,2,local,2,Feda - The Emblem of Justice (Japan),2,Feda - The Emblem of Justice (Japan),0,,"nointro,retroachievements"
2872,Fighter's History: Mizoguchi Kikiippatsu!!,Official,35,1,local,1,Fighter's History - Mizoguchi Kikiippatsu!! (Japan),2,Fighter's History - Mizoguchi Kikiippatsu!! (Japan),0,,"nointro,retroachievements"
2875,~Hack~ Kamek's Island,Hack,37,1,local,1,,0,,0,,retroachievements
2878,Fire Emblem: Seisen No Keifu,Official,76,3,local,3,Fire Emblem - Seisen no Keifu (Japan),2,Fire Emblem - Seisen no Keifu (Japan),0,,"nointro,retroachievements"
2879,Fire Emblem: Thracia 776,Official,110,6,local,6,Fire Emblem - Thracia 776 (Japan),2,Fire Emblem - Thracia 776 (Japan),0,,"nointro,retroachievements"
2882,Firestriker,Official,31,1,local,1,FireStriker (USA),2,FireStriker (USA),0,,"nointro,retroachievements"
2885,~Hack~ Cute Kaizo World,Hack,18,1,local,1,,0,,0,,retroachievements
2886,The Flintstones,Official,43,1,local,1,"Flintstones, The (USA) (En,Fr,De,Es,It)",2,"Flintstones, The (USA) (En,Fr,De,Es,It)",0,,"nointro,retroachievements"
2889,Frogger,Official,13,1,local,1,Frogger (USA),2,Frogger (USA),0,,"nointro,retroachievements"
2895,Front Mission,Official,50,4,local,3,Front Mission (Japan) (Rev 1),2,Front Mission (Japan) (Rev 1),0,,"nointro,retroachievements"
2899,Fushigi no Dungeon 2: Fuurai no Shiren,Official,56,3,local,2,"Fushigi no Dungeon 2 - Fuurai no Shiren (Japan) (Rev 1) (NP),Fushigi no Dungeon 2 - Fuurai no Shiren (Japan)",4,"Fushigi no Dungeon 2 - Fuurai no Shiren (Japan) (Rev 1) (NP),Fushigi no Dungeon 2 - Fuurai no Shiren (Japan)",0,,nointro
2905,Cannon Fodder,Official,52,1,local,1,Cannon Fodder (Europe),2,Cannon Fodder (Europe),0,,"nointro,retroachievements"
2907,Clay Fighter 2: Judgment Clay,Official,45,1,local,1,Clay Fighter 2 - Judgment Clay (USA),2,Clay Fighter 2 - Judgment Clay (USA),0,,"nointro,retroachievements"
2911,G.O.D.: Mezameyo to Yobu Koe ga Kikoe,Official,116,1,local,1,,0,,0,,retroachievements
2921,~Hack~ 'the,Hack,10,1,local,1,,0,,0,,retroachievements
2925,Ganbare Goemon Kirakira Douchuu: Boku ga Dancer ni Natta Wake,Official,55,4,local,4,"Ganbare Goemon Kirakira Douchuu - Boku ga Dancer ni Natta Wake (Japan) (Rev 2),Ganbare Goemon Kirakira Douchuu - Boku ga Dancer ni Natta Wake (Japan)",4,"Ganbare Goemon Kirakira Douchuu - Boku ga Dancer ni Natta Wake (Japan) (Rev 2),Ganbare Goemon Kirakira Douchuu - Boku ga Dancer ni Natta Wake (Japan)",0,,"nointro,retroachievements"
2932,GeGeGe no Kitarou: Fukkatsu! Tenma Daiou,Official,20,1,local,1,Gegege no Kitarou - Fukkatsu! Tenma Daiou (Japan),2,Gegege no Kitarou - Fukkatsu! Tenma Daiou (Japan),0,,"nointro,retroachievements"
2940,Ghost Chaser Densei,Official,33,1,local,1,Ghost Chaser Densei (Japan),2,Ghost Chaser Densei (Japan),0,,"nointro,retroachievements"
2945,Go Go Ackman,Official,42,2,local,2,Go Go Ackman (Japan),2,Go Go Ackman (Japan),0,,"nointro,retroachievements"
2946,Go Go Ackman 2,Official,29,2,local,2,Go Go Ackman 2 (Japan),2,Go Go Ackman 2 (Japan),0,,"nointro,retroachievements"
2947,Go Go Ackman 3,Official,42,2,local,2,Go Go Ackman 3 (Japan),2,Go Go Ackman 3 (Japan),0,,"nointro,retroachievements"
2949,Godzilla: Kaijuu Daikessen,Official,22,1,local,1,Gojira - Kaijuu Daikessen (Japan),2,Gojira - Kaijuu Daikessen (Japan),0,,"nointro,retroachievements"
2950,~Hack~ The Second Reality Project 2 Reloaded: Zycloboo's Challenge,Hack,79,1,local,1,,0,,0,,retroachievements
2952,Gouketsuji Ichizoku,Official,16,1,local,1,Gouketsuji Ichizoku (Japan),2,Gouketsuji Ichizoku (Japan),0,,"nointro,retroachievements"
2953,Gourmet Warriors,Official,36,4,local,4,"Gourmet Warriors (USA) (Piko Interactive),Gourmet Sentai Barayarou (Japan)",4,"Gourmet Warriors (USA) (Piko Interactive),Gourmet Sentai Barayarou (Japan)",0,,"nointro,retroachievements"
2955,The Great Battle Gaiden 2: Matsuri da Wasshoi,Official,66,1,local,1,"Great Battle Gaiden 2, The - Matsuri da Wasshoi (Japan)",2,"Great Battle Gaiden 2, The - Matsuri da Wasshoi (Japan)",0,,"nointro,retroachievements"
2956,The Great Battle III,Official,50,1,local,1,,0,,0,,retroachievements
2957,The Great Battle IV,Official,53,1,local,1,,0,,0,,retroachievements
2958,The Great Battle V,Official,80,1,local,1,,0,,0,,retroachievements
2961,~Hack~ Super LSG World,Hack,19,1,local,1,,0,,0,,retroachievements
2965,The Violinist of Hameln,Official,41,3,local,3,Hameln no Violin Hiki (Japan),2,Hameln no Violin Hiki (Japan),0,,"nointro,retroachievements"
3004,Heracles no Eikou IV: Kamigami Kara no Okurimono,Official,60,2,local,1,Heracles no Eikou IV - Kamigami kara no Okurimono (Japan),2,Heracles no Eikou IV - Kamigami kara no Okurimono (Japan),0,,nointro
3041,Hyper Iria,Official,25,3,local,3,Hyper Iria (Japan),2,Hyper Iria (Japan),0,,"nointro,retroachievements"
3045,Ihatovo Monogatari,Official,20,5,local,5,Ihatovo Monogatari (Japan),2,Ihatovo Monogatari (Japan),0,,"nointro,retroachievements"
3052,Iron Commando: Koutetsu no Senshi,Official,37,2,local,2,Iron Commando - Koutetsu no Senshi (Japan),2,Iron Commando - Koutetsu no Senshi (Japan),0,,"nointro,retroachievements"
3054,~Hack~ Hack 4,Hack,15,1,local,1,,0,,0,,retroachievements
3066,Jaki Crush,Official,55,1,local,1,Naxat Super Pinball - Jaki Crush (Japan),2,Naxat Super Pinball - Jaki Crush (Japan),0,,"nointro,retroachievements"
3076,Jerry Boy | Smart Ball,Official,28,2,local,2,Jerry Boy (Japan),2,Jerry Boy (Japan),0,,"nointro,retroachievements"
3101,JoJo no Kimyou na Bouken,Official,33,3,local,3,JoJo no Kimyou na Bouken (Japan),2,JoJo no Kimyou na Bouken (Japan),0,,"nointro,retroachievements"
3120,Kat's Run: Zennihon K Car Senshuken,Official,42,1,local,1,Kat's Run - Zen-Nihon K-Car Senshuken (Japan),2,Kat's Run - Zen-Nihon K-Car Senshuken (Japan),0,,"nointro,retroachievements"
3122,Keeper,Official,16,1,local,1,Keeper (Japan),2,Keeper (Japan),0,,"nointro,retroachievements"
3131,~Prototype~ Untitled Racing Game,Prototype,6,1,local,1,,0,,1,Untitled Racing Game (USA) (Proto),"nointro,retroachievements"
3133,Kidou Butouden G-Gundam,Official,28,1,local,1,Kidou Butouden G Gundam (Japan),2,Kidou Butouden G Gundam (Japan),0,,"nointro,retroachievements"
3135,Kidou Senshi Gundam F91: Formula Senki 0122,Official,30,2,local,2,Kidou Senshi Gundam F91 - Formula Senki 0122 (Japan),2,Kidou Senshi Gundam F91 - Formula Senki 0122 (Japan),0,,"nointro,retroachievements"
3144,~Hack~ Panga's Kaizo Kindergarten (For Dummies),Hack,47,1,local,1,,0,,0,,retroachievements
3146,Kirby no Kirakira Kids,Official,59,2,local,2,Kirby no Kirakira Kids (Japan),2,Kirby no Kirakira Kids (Japan),0,,"nointro,retroachievements"
3148,Kishin Douji Zenki: Batoru Raiden,Official,33,2,local,2,Kishin Douji Zenki - Battle Raiden (Japan),2,Kishin Douji Zenki - Battle Raiden (Japan),0,,"nointro,retroachievements"
3158,~Hack~ Songs for a Hero | A Lenda do Herói,Hack,26,2,local,2,,0,,0,,retroachievements
3166,Krusty's Super Fun House,Official,82,3,local,3,"Krusty's Super Fun House (USA) (Rev 1),Krusty's Super Fun House (USA),Krusty's Super Fun House (Europe)",6,"Krusty's Super Fun House (USA) (Rev 1),Krusty's Super Fun House (USA),Krusty's Super Fun House (Europe)",0,,"nointro,retroachievements"
3174,Kyuuyaku Megami Tensei: Megami Tensei I - II,Official,226,4,local,2,"Kyuuyaku Megami Tensei (Japan) (Rev 1),Kyuuyaku Megami Tensei (Japan)",4,"Kyuuyaku Megami Tensei (Japan) (Rev 1),Kyuuyaku Megami Tensei (Japan)",0,,nointro
3180,Last Action Hero,Official,15,1,local,1,Last Action Hero (USA),2,Last Action Hero (USA),0,,"nointro,retroachievements"
3183,The Great Battle II: Last Fighter Twin,Official,45,1,local,1,,0,,0,,retroachievements
3193,Little Master: Nijiiro no Maseki,Official,205,2,local,2,Little Master - Nijiiro no Maseki (Japan),2,Little Master - Nijiiro no Maseki (Japan),0,,"nointro,retroachievements"
3200,Lucky Luke,Official,31,1,local,1,"Lucky Luke (Europe) (En,Fr,De,Es)",2,"Lucky Luke (Europe) (En,Fr,De,Es)",0,,"nointro,retroachievements"
3202,Lupin III: Densetsu no Hihou wo Oe!,Official,21,1,local,1,Lupin Sansei - Densetsu no Hihou o Oe! (Japan),2,Lupin Sansei - Densetsu no Hihou o Oe! (Japan),0,,"nointro,retroachievements"
3205,Madou Monogatari: Hanamaru Daiyouchi Enji,Official,84,2,local,2,Madou Monogatari - Hanamaru Daiyouchienji (Japan),2,Madou Monogatari - Hanamaru Daiyouchienji (Japan),0,,"nointro,retroachievements"
3206,Magic Knight Rayearth,Official,17,3,local,3,Magic Knight Rayearth (Japan),2,Magic Knight Rayearth (Japan),0,,"nointro,retroachievements"
3208,Magical Pop'n,Official,71,2,local,2,Magical Pop'n (Japan),2,Magical Pop'n (Japan),0,,"nointro,retroachievements"
3210,Magna Braban: Henreki no Yuusha,Official,51,3,local,3,Magna Braban - Henreki no Yuusha (Japan),2,Magna Braban - Henreki no Yuusha (Japan),0,,"nointro,retroachievements"
3225,Mario & Wario,Official,120,2,local,2,Mario to Wario (Japan) (En),2,Mario to Wario (Japan) (En),0,,"nointro,retroachievements"
3226,Mario is Missing!,Official,36,4,local,4,"Mario Is Missing! (Germany),Mario Is Missing! (USA),Mario Is Missing! (France),Mario Is Missing! (Europe)",8,"Mario Is Missing! (Germany),Mario Is Missing! (USA),Mario Is Missing! (France),Mario Is Missing! (Europe)",0,,"nointro,retroachievements"
3227,Mario no Super Picross,Official,77,2,local,2,Mario no Super Picross (Japan),2,Mario no Super Picross (Japan),0,,"nointro,retroachievements"
3228,Mario's Early Years: Fun With Letters,Official,17,1,local,1,Mario's Early Years - Fun with Letters (USA),2,Mario's Early Years - Fun with Letters (USA),0,,"nointro,retroachievements"
3229,Mario's Early Years: Fun With Numbers,Official,12,1,local,1,Mario's Early Years - Fun with Numbers (USA),2,Mario's Early Years - Fun with Numbers (USA),0,,"nointro,retroachievements"
3230,Mario's Early Years: Preschool Fun,Official,15,1,local,1,Mario's Early Years - Preschool Fun (USA),2,Mario's Early Years - Preschool Fun (USA),0,,"nointro,retroachievements"
3231,Mario's Time Machine,Official,37,2,local,2,"Mario's Time Machine (Europe),Mario's Time Machine (USA)",4,"Mario's Time Machine (Europe),Mario's Time Machine (USA)",0,,"nointro,retroachievements"
3234,The Mask,Official,26,3,local,2,"Mask, The (Europe),Mask, The (USA)",4,"Mask, The (Europe),Mask, The (USA)",0,,"nointro,retroachievements"
3240,Melfand Stories,Official,36,2,local,2,Melfand Stories (Japan),2,Melfand Stories (Japan),0,,"nointro,retroachievements"
3242,Metal Max Returns,Official,86,3,local,3,Metal Max Returns (Japan),2,Metal Max Returns (Japan),0,,"nointro,retroachievements"
3243,Metal Slader Glory: Director's Cut,Official,23,2,local,1,Metal Slader Glory - Director's Cut (Japan) (NP),2,Metal Slader Glory - Director's Cut (Japan) (NP),0,,nointro
3244,Mickey no Tokyo Disneyland Daibouken,Official,40,1,local,1,Mickey no Tokyo Disneyland Daibouken (Japan),2,Mickey no Tokyo Disneyland Daibouken (Japan),0,,"nointro,retroachievements"
3246,Micro Machines 2: Turbo Tournament,Official,83,1,local,1,Micro Machines 2 - Turbo Tournament (Europe),2,Micro Machines 2 - Turbo Tournament (Europe),0,,"nointro,retroachievements"
3248,Run Saber,Official,22,1,local,1,Run Saber (USA),2,Run Saber (USA),0,,"nointro,retroachievements"
3254,Miracle Girls,Official,56,2,local,2,Miracle Girls - Tomomi to Mikage no Fushigi Sekai no Daibouken (Japan),2,Miracle Girls - Tomomi to Mikage no Fushigi Sekai no Daibouken (Japan),0,,"nointro,retroachievements"
3262,Motoko-chan no Wonder Kitchen,Official,15,1,local,1,Motoko-chan no Wonder Kitchen (Japan),2,Motoko-chan no Wonder Kitchen (Japan),0,,"nointro,retroachievements"
3274,Nangoku Shounen Papuwa-kun,Official,45,2,local,2,Nangoku Shounen Papuwa-kun (Japan),2,Nangoku Shounen Papuwa-kun (Japan),0,,"nointro,retroachievements"
3282,Nekketsu Tairiku Burning Heroes,Official,100,1,local,1,,0,,0,,retroachievements
3307,Nontan to Issho: Kurukuru Puzzle,Official,18,1,local,1,Nontan to Issho - Kurukuru Puzzle (Japan),2,Nontan to Issho - Kurukuru Puzzle (Japan),0,,"nointro,retroachievements"
3311,O-chan no Oekaki Logic,Official,30,1,local,1,Ou-chan no Oekaki Logic (Japan),2,Ou-chan no Oekaki Logic (Japan),0,,"nointro,retroachievements"
3314,Oekaki Logic,Official,31,1,local,1,Oekaki Logic (Japan) (NP),2,Oekaki Logic (Japan) (NP),0,,"nointro,retroachievements"
3315,Oekaki Logic 2,Official,31,1,local,1,Oekaki Logic 2 (Japan) (NP),2,Oekaki Logic 2 (Japan) (NP),0,,"nointro,retroachievements"
3322,~Hack~ Hack 2,Hack,33,1,local,1,,0,,0,,retroachievements
3326,Otoboke Ninja Colosseum,Official,35,1,local,1,Otoboke Ninja Colosseum (Japan),2,Otoboke Ninja Colosseum (Japan),0,,"nointro,retroachievements"
3346,~Hack~ Hack 5,Hack,31,1,local,1,,0,,0,,retroachievements
3351,Panel de Pon,Official,48,2,local,2,Panel de Pon (Japan),2,Panel de Pon (Japan),0,,"nointro,retroachievements"
3352,Panic in Nakayoshi World,Official,34,4,local,4,Panic in Nakayoshi World (Japan),2,Panic in Nakayoshi World (Japan),0,,"nointro,retroachievements"
3362,Picross NP Vol. 1,Official,27,1,local,1,Picross NP Vol. 1 (Japan) (NP),2,Picross NP Vol. 1 (Japan) (NP),0,,"nointro,retroachievements"
3363,Picross NP Vol. 2,Official,27,2,local,2,"Picross NP Vol. 2 (Japan) (Rev 1) (NP),Picross NP Vol. 2 (Japan) (NP)",4,"Picross NP Vol. 2 (Japan) (Rev 1) (NP),Picross NP Vol. 2 (Japan) (NP)",0,,"nointro,retroachievements"
3364,Picross NP Vol. 3,Official,27,1,local,1,Picross NP Vol. 3 (Japan) (NP),2,Picross NP Vol. 3 (Japan) (NP),0,,"nointro,retroachievements"
3365,Picross NP Vol. 4,Official,27,1,local,1,Picross NP Vol. 4 (Japan) (NP),2,Picross NP Vol. 4 (Japan) (NP),0,,"nointro,retroachievements"
3366,Picross NP Vol. 5,Official,27,1,local,1,Picross NP Vol. 5 (Japan) (NP),2,Picross NP Vol. 5 (Japan) (NP),0,,"nointro,retroachievements"
3367,Picross NP Vol. 6,Official,27,1,local,1,Picross NP Vol. 6 (Japan) (NP),2,Picross NP Vol. 6 (Japan) (NP),0,,"nointro,retroachievements"
3368,Picross NP Vol. 7,Official,27,1,local,1,Picross NP Vol. 7 (Japan) (NP),2,Picross NP Vol. 7 (Japan) (NP),0,,"nointro,retroachievements"
3369,Picross NP Vol. 8,Official,27,1,local,1,Picross NP Vol. 8 (Japan) (NP),2,Picross NP Vol. 8 (Japan) (NP),0,,"nointro,retroachievements"
3372,Pink Panther in Pink Goes to Hollywood,Official,69,1,local,1,Pink Goes to Hollywood (USA),2,Pink Goes to Hollywood (USA),0,,"nointro,retroachievements"
3373,Pipe Dream,Official,36,1,local,1,Pipe Dream (Japan),2,Pipe Dream (Japan),0,,"nointro,retroachievements"
3374,The Pirates of Dark Water,Official,21,1,local,1,"Pirates of Dark Water, The (USA)",2,"Pirates of Dark Water, The (USA)",0,,"nointro,retroachievements"
3381,Pop'n TwinBee,Official,42,3,local,3,"Pop'n TwinBee (Japan),Pop'n TwinBee (Europe)",4,"Pop'n TwinBee (Japan),Pop'n TwinBee (Europe)",0,,"nointro,retroachievements"
3388,~Hack~ Mario's Mystery Meat,Hack,31,1,local,1,,0,,0,,retroachievements
3389,Power Soukoban,Official,24,3,local,3,Power Soukoban (Japan),2,Power Soukoban (Japan),0,,"nointro,retroachievements"
3404,Psycho Dream,Official,30,1,local,1,Psycho Dream (Japan),2,Psycho Dream (Japan),0,,"nointro,retroachievements"
3408,ActRaiser 2,Official,46,5,local,3,"ActRaiser 2 (USA),ActRaiser 2 - Chinmoku e no Seisen (Japan)",4,"ActRaiser 2 (USA),ActRaiser 2 - Chinmoku e no Seisen (Japan)",0,,"nointro,retroachievements"
3409,Raiden Trad,Official,64,1,local,1,Raiden Trad (USA),2,Raiden Trad (USA),0,,"nointro,retroachievements"
3411,Ranma ½: Akanekodan Teki Hihou,Official,73,3,local,3,,0,,0,,retroachievements
3414,Ranma ½: Ougi Jaanken,Official,31,1,local,1,Ranma 1-2 - Ougi Jaanken (Japan),2,Ranma 1-2 - Ougi Jaanken (Japan),0,,"nointro,retroachievements"
3418,Rendering Ranger: R2,Official,34,2,local,1,Rendering Ranger R2 (Japan) (En),2,Rendering Ranger R2 (Japan) (En),0,,"nointro,retroachievements"
3425,Romancing SaGa 3,Official,131,6,local,2,"Romancing Sa-Ga 3 (Japan),Romancing Sa-Ga 3 (Japan) (Rev 1)",4,"Romancing Sa-Ga 3 (Japan),Romancing Sa-Ga 3 (Japan) (Rev 1)",0,,nointro
3433,Rushing Beat Ran: Fukusei Toshi,Official,14,1,local,1,Rushing Beat Ran - Fukusei Toshi (Japan),2,Rushing Beat Ran - Fukusei Toshi (Japan),0,,"nointro,retroachievements"
3434,Rushing Beat Shura,Official,59,1,local,1,Rushing Beat Shura (Japan),2,Rushing Beat Shura (Japan),0,,"nointro,retroachievements"
3437,Ryuuko no Ken 2,Official,65,1,local,1,Ryuuko no Ken 2 (Japan),2,Ryuuko no Ken 2 (Japan),0,,"nointro,retroachievements"
3438,Rockman & Forte,Official,37,4,local,4,Rockman & Forte (Japan),2,Rockman & Forte (Japan),0,,"nointro,retroachievements"
3445,~Hack~ Polyphony,Hack,69,1,local,1,,0,,0,,retroachievements
3455,Sanrio World Smash Ball!,Official,28,1,local,1,Sanrio World Smash Ball! (Japan),2,Sanrio World Smash Ball! (Japan),0,,"nointro,retroachievements"
3462,~Hack~ Super Mario Flash 2: SMW Remake,Hack,24,1,local,1,,0,,0,,retroachievements
3464,~Hack~ Mega Man X2: Zero Playable,Hack,46,2,local,2,,0,,0,,retroachievements
3468,~Hack~ This is a Good Hack to Play if You Just Started Playing Kaizo... World,Hack,33,1,local,1,,0,,0,,retroachievements
3469,~Hack~ Mega Man X2: Proto Edition,Hack,52,1,local,1,,0,,0,,retroachievements
3478,Seifuku Densetsu: Pretty Fighter,Official,30,1,local,1,Seifuku Densetsu - Pretty Fighter (Japan),2,Seifuku Densetsu - Pretty Fighter (Japan),0,,"nointro,retroachievements"
3486,Shanghai III,Official,30,1,local,1,Shanghai III (Japan),2,Shanghai III (Japan),0,,"nointro,retroachievements"
3495,Shin Megami Tensei if...,Official,82,2,local,2,Shin Megami Tensei if... (Japan),2,Shin Megami Tensei if... (Japan),0,,"nointro,retroachievements"
3496,Shin Megami Tensei II,Official,67,8,local,7,Shin Megami Tensei II (Japan),2,Shin Megami Tensei II (Japan),0,,"nointro,retroachievements"
3499,~Hack~ Mega Man X: Alpha Kaizo,Hack,40,1,local,1,,0,,0,,retroachievements
3501,~Hack~ Super Mario World: Remix,Hack,29,1,local,1,,0,,0,,retroachievements
3521,~Hack~ Super Mario Balloon World,Hack,78,1,local,1,,0,,0,,retroachievements
3528,Final Fantasy IV,Official,130,9,local,4,Final Fantasy IV (Japan) (Rev 1),2,Final Fantasy IV (Japan) (Rev 1),0,,"nointro,retroachievements"
3532,Slayers,Official,26,2,local,2,Slayers (Japan),2,Slayers (Japan),0,,"nointro,retroachievements"
3543,The Smurfs,Official,40,1,local,1,"Smurfs, The (Europe) (En,Fr,De,Es,It)",2,"Smurfs, The (Europe) (En,Fr,De,Es,It)",0,,"nointro,retroachievements"
3558,Spark World,Official,28,1,local,1,Spark World (Japan),2,Spark World (Japan),0,,"nointro,retroachievements"
3559,Spider-Man and the X-Men in Arcade's Revenge,Official,32,1,local,1,Spider-Man - X-Men - Arcade's Revenge (USA),2,Spider-Man - X-Men - Arcade's Revenge (USA),0,,"nointro,retroachievements"
3584,Super Back to the Future: Part II,Official,67,2,local,2,Super Back to the Future Part II (Japan),2,Super Back to the Future Part II (Japan),0,,"nointro,retroachievements"
3592,Super Bomberman: Panic Bomber W,Official,28,1,local,1,Super Bomberman - Panic Bomber World (Japan),2,Super Bomberman - Panic Bomber World (Japan),0,,"nointro,retroachievements"
3594,Super Bomberman 3,Official,31,2,local,2,Super Bomberman 3 (Europe),2,Super Bomberman 3 (Europe),0,,"nointro,retroachievements"
3731,Super Famicom Wars,Official,111,1,local,1,,0,,0,,retroachievements
3754,Majuuou [Subset - Bonus],Official,15,2,local,2,,0,,0,,retroachievements
3787,~Hack~ Super Dram World 2,Hack,36,2,unmatched,0,,0,,0,,
3788,~Hack~ Storks and Apes and Crocodiles,Hack,20,1,unmatched,0,,0,,0,,
3789,~Hack~ Mushroom Kingdom: Under Crimson Skies,Hack,31,1,local,1,,0,,0,,retroachievements
3795,Super Morph,Official,71,3,local,3,Super Morph (Europe),2,Super Morph (Europe),0,,"nointro,retroachievements"
3797,Super Nazo Puyo: Ruruu no Ruu,Official,32,3,local,2,Super Nazo Puyo - Rulue no Roux (Japan),2,Super Nazo Puyo - Rulue no Roux (Japan),0,,"nointro,retroachievements"
3799,Super Scope 6,Official,56,2,local,1,Super Scope 6 (USA),2,Super Scope 6 (USA),0,,"nointro,retroachievements"
3804,Super Ninja-kun,Official,37,2,local,1,Super Ninja-kun (Japan),2,Super Ninja-kun (Japan),0,,"nointro,retroachievements"
3805,~Unlicensed~ Super 3D Noah's Ark,Unlicensed,27,1,local,1,Super Noah's Ark 3D (USA) (Unl),2,Super Noah's Ark 3D (USA) (Unl),0,,"nointro,retroachievements"
3808,Super Off Road,Official,59,3,local,2,"Super Off Road (USA),Super Off Road (Europe)",4,"Super Off Road (USA),Super Off Road (Europe)",0,,"nointro,retroachievements"
3825,Super Pinball II: The Amazing Odyssey,Official,39,1,local,1,Super Pinball II - The Amazing Odyssey (Japan),2,Super Pinball II - The Amazing Odyssey (Japan),0,,"nointro,retroachievements"
3834,Super Puyo Puyo Tsuu Remix,Official,39,1,local,1,Super Puyo Puyo Tsuu Remix (Japan),2,Super Puyo Puyo Tsuu Remix (Japan),0,,"nointro,retroachievements"
3851,Super Tekkyuu Fight!,Official,49,1,local,1,Super Tekkyuu Fight! (Japan),2,Super Tekkyuu Fight! (Japan),0,,"nointro,retroachievements"
3861,Super V.G.,Official,37,1,local,1,Super Variable Geo (Japan),2,Super Variable Geo (Japan),0,,"nointro,retroachievements"
3870,Sutte Hakkun,Official,28,2,local,2,Sutte Hakkun (Japan),2,Sutte Hakkun (Japan),0,,"nointro,retroachievements"
3886,~Hack~ The Legend of Zelda: A Link to the Islands,Hack,67,2,local,1,,0,,0,,retroachievements
3897,~Hack~ Claustrophobia,Hack,112,1,local,1,,0,,0,,retroachievements
3900,Tenchi Muyo! Game-Hen,Official,70,1,local,1,,0,,0,,retroachievements
3907,Theme Park,Official,80,1,local,1,"Theme Park (Europe) (En,Fr,De)",2,"Theme Park (Europe) (En,Fr,De)",0,,"nointro,retroachievements"
3912,Tintin in Tibet,Official,34,1,local,1,"Tintin in Tibet (Europe) (En,Fr,De,Nl)",2,"Tintin in Tibet (Europe) (En,Fr,De,Nl)",0,,"nointro,retroachievements"
3913,Tokimeki Memorial: Densetsu no Ki no Shita de,Official,97,2,local,2,Tokimeki Memorial - Densetsu no Ki no Shita de (Japan) (Rev 1),2,Tokimeki Memorial - Densetsu no Ki no Shita de (Japan) (Rev 1),0,,"nointro,retroachievements"
3917,Torneko no Daibouken: Fushigi no Dungeon,Official,28,2,local,2,Torneko no Daibouken - Fushigi no Dungeon (Japan),2,Torneko no Daibouken - Fushigi no Dungeon (Japan),0,,"nointro,retroachievements"
3933,UFO Kamen Yakisoban: Kettler no Kuroi Inbou,Official,20,1,local,1,U.F.O. Kamen Yakisoban - Kettler no Kuroi Inbou (Japan) (Keihin Ban),2,U.F.O. Kamen Yakisoban - Kettler no Kuroi Inbou (Japan) (Keihin Ban),0,,"nointro,retroachievements"
3943,~Hack~ River Song,Hack,24,1,local,1,,0,,0,,retroachievements
3947,Undercover Cops,Official,24,1,local,1,Undercover Cops (Japan),2,Undercover Cops (Japan),0,,"nointro,retroachievements"
3949,Ushio to Tora,Official,30,1,local,1,Ushio to Tora (Japan),2,Ushio to Tora (Japan),0,,"nointro,retroachievements"
3950,~Hack~ I HATE YOU,Hack,9,1,local,1,,0,,0,,retroachievements
3953,Virtual Bart,Official,20,1,local,1,Virtual Bart (USA),2,Virtual Bart (USA),0,,"nointro,retroachievements"
3955,~Hack~ Super Metroid: Ancient Chozo,Hack,53,2,local,2,,0,,0,,retroachievements
3965,Wedding Peach,Official,13,2,local,2,Wedding Peach (Japan),2,Wedding Peach (Japan),0,,"nointro,retroachievements"
3968,Wing Commander: The Secret Missions,Official,35,1,local,1,Wing Commander - The Secret Missions (USA),2,Wing Commander - The Secret Missions (USA),0,,"nointro,retroachievements"
3976,Wizardry I-II-III: Story of Llylgamyn,Official,54,3,local,3,"Wizardry I-II-III - Story of Llylgamyn (Japan) (En,Ja) (NP)",2,"Wizardry I-II-III - Story of Llylgamyn (Japan) (NP),Wizardry I-II-III - Story of Llylgamyn (Japan) (En,Ja) (NP)",0,,"nointro,retroachievements"
3978,Wonder Project J: Kikai no Shounen Pino,Official,45,3,local,3,Wonder Project J - Kikai no Shounen Pino (Japan),2,Wonder Project J - Kikai no Shounen Pino (Japan),0,,"nointro,retroachievements"
3986,Wrecking Crew '98,Official,16,2,local,2,Wrecking Crew '98 (Japan),2,Wrecking Crew '98 (Japan),0,,"nointro,retroachievements"
3988,Xak: The Art of Visual Stage,Official,52,2,local,2,Xak - The Art of Visual Stage (Japan),2,Xak - The Art of Visual Stage (Japan),0,,"nointro,retroachievements"
4002,Ys V: Ushinawareta Suna no Miyako Kefin,Official,47,3,local,2,Ys V - Ushinawareta Suna no Miyako Kefin (Japan),2,Ys V - Ushinawareta Suna no Miyako Kefin (Japan),0,,"nointro,retroachievements"
4009,Yu Yu Hakusho Final: Makai Saikyou Retsuden,Official,32,1,local,1,Yu Yu Hakusho Final - Makai Saikyou Retsuden (Japan),2,Yu Yu Hakusho Final - Makai Saikyou Retsuden (Japan),0,,"nointro,retroachievements"
4045,The Flintstones: The Treasure of Sierra Madrock,Official,36,1,local,1,"Flintstones, The - The Treasure of Sierra Madrock (USA)",2,"Flintstones, The - The Treasure of Sierra Madrock (USA)",0,,"nointro,retroachievements"
4049,~Hack~ Super Demo World: The Legend Continues,Hack,53,1,local,1,,0,,0,,retroachievements
4194,~Hack~ Kaizo Mario World,Hack,24,4,local,4,,0,,0,,retroachievements
4401,Popeye: Ijiwaru Majo Sea Hag no Maki,Official,22,2,local,1,Popeye - Ijiwaru Majo Sea Hag no Maki (Japan),2,Popeye - Ijiwaru Majo Sea Hag no Maki (Japan),0,,nointro
4578,~Hack~ EarthBound: Halloween Hack,Hack,12,2,local,2,,0,,0,,retroachievements
4590,Star Fox: Super Weekend - Competition Edition,Official,11,1,local,1,"Super Star Fox Weekend (USA) (Competition Cart, Nintendo Power mail-order)",2,"Super Star Fox Weekend (USA) (Competition Cart, Nintendo Power mail-order)",0,,"nointro,retroachievements"
4592,~Hack~ Super Mario Bros: The Hunt for the Magical Key,Hack,69,1,local,1,,0,,0,,retroachievements
4728,The Combatribes,Official,10,1,local,1,"Combatribes, The (USA)",2,"Combatribes, The (USA)",0,,"nointro,retroachievements"
4734,~Hack~ Super Kitiku Mario | Brutal Mario,Hack,40,3,local,3,,0,,0,,retroachievements
4737,The Firemen,Official,16,2,local,2,"Firemen, The (Europe) (En,Fr,De)",2,"Firemen, The (Europe) (En,Fr,De)",0,,"nointro,retroachievements"
4942,~Hack~ VIP and Wall Mix 2,Hack,22,1,local,1,,0,,0,,retroachievements
4944,~Homebrew~ Nightmare Busters,Homebrew,52,1,local,1,Nightmare Busters (World) (Super Fighter Team) (Unl),2,Nightmare Busters (World) (Super Fighter Team) (Unl),0,,"nointro,retroachievements"
5050,~Hack~ Super Metroid: Green Peace,Hack,8,1,local,1,,0,,0,,retroachievements
5209,Star Fox 2,Official,44,2,local,2,"Star Fox 2 (USA, Europe) (Classic Mini, Switch Online),Star Fox 2 (Japan) (Classic Mini, Switch Online)",4,"Star Fox 2 (USA, Europe) (Classic Mini, Switch Online),Star Fox 2 (Japan) (Classic Mini, Switch Online)",0,,"nointro,retroachievements"
5211,BS F-Zero Grand Prix 2,Official,8,2,unmatched,0,,0,,0,,
5250,~Hack~ VIP and Wall Mix,Hack,30,3,local,3,,0,,0,,retroachievements
5310,~Hack~ Mario Saves Christmas,Hack,17,1,local,1,,0,,0,,retroachievements
5504,Makeruna! Makendou 2: Kimero! Youkai Souri Daijin,Official,32,1,local,1,Makeruna! Makendou 2 - Kimero! Youkai Souridaijin (Japan),2,Makeruna! Makendou 2 - Kimero! Youkai Souridaijin (Japan),0,,"nointro,retroachievements"
5507,~Hack~ Touhou Mario: Imperishable Night,Hack,55,1,local,1,,0,,0,,retroachievements
5629,~Unlicensed~ Hong Kong '97,Unlicensed,16,3,local,2,"Hong Kong '97 (Japan) (En,Ja,Zh-Hant) (CM) (Unl),Hong Kong '97 (Japan) (En,Ja,Zh-Hant) (Unl)",4,"Hong Kong '97 (Japan) (En,Ja,Zh-Hant) (CM) (Unl),Hong Kong '97 (Japan) (En,Ja,Zh-Hant) (Unl)",0,,"nointro,retroachievements"
5647,~Hack~ SMW: Bowser's Return,Hack,42,2,local,2,,0,,0,,retroachievements
5749,~Hack~ Kaizo Mario World 2,Hack,16,1,local,1,,0,,0,,retroachievements
5859,Mega Man X3 [Subset - Bonus],Official,60,1,unmatched,0,,0,,0,,
5887,Mega Man X [Subset - Bonus],Official,50,1,unmatched,0,,0,,0,,
5994,~Hack~ The Legend of Zelda: Goddess of Wisdom,Hack,41,2,local,2,,0,,0,,retroachievements
6013,Dragon Quest VI,Official,84,3,local,3,Dragon Quest VI - Maboroshi no Daichi (Japan),2,Dragon Quest VI - Maboroshi no Daichi (Japan),0,,"nointro,retroachievements"
6092,~Hack~ Sui Mario,Hack,25,1,local,1,,0,,0,,retroachievements
6140,~Hack~ Black Derulo World 2,Hack,49,2,local,2,,0,,0,,retroachievements
6156,~Hack~ Sui Mario 2,Hack,27,1,local,1,,0,,0,,retroachievements
6158,~Hack~ Ippan Mario,Hack,22,1,local,1,,0,,0,,retroachievements
6172,~Hack~ Super Mario Bros. Plus,Hack,34,1,local,1,,0,,0,,retroachievements
6190,~Hack~ Kouhai Mario 2,Hack,21,1,local,1,,0,,0,,retroachievements
6212,~Hack~ Romancing Mario,Hack,28,1,local,1,,0,,0,,retroachievements
6231,Dragon Quest III: Soshite Densetsu e...,Official,97,2,local,2,Dragon Quest III - Soshite Densetsu e... (Japan),2,Dragon Quest III - Soshite Densetsu e... (Japan),0,,"nointro,retroachievements"
6345,Gekisou Sentai Carranger: Zenkai! Racer Senshi,Official,28,5,local,5,,0,,0,,retroachievements
6388,Fire Emblem: Monsho No Nazo,Official,112,4,local,4,"Fire Emblem - Monshou no Nazo (Japan) (Rev 1),Fire Emblem - Monshou no Nazo (Japan)",4,"Fire Emblem - Monshou no Nazo (Japan) (Rev 1),Fire Emblem - Monshou no Nazo (Japan)",0,,"nointro,retroachievements"
6614,~Hack~ Super Mario Bros. 3X,Hack,58,1,local,1,,0,,0,,retroachievements
6644,~Hack~ Hyper Metroid,Hack,52,1,local,1,,0,,0,,retroachievements
6647,~Hack~ The 7th Annual Vanilla Level Design Contest,Hack,81,1,local,1,,0,,0,,retroachievements
6714,Super Tennis [Subset - Bonus],Official,7,1,unmatched,0,,0,,0,,
6939,~Hack~ Super DGR World,Hack,45,1,local,1,,0,,0,,retroachievements
6997,~Hack~ Mega Man X: Hard-Type,Hack,46,3,local,2,,0,,0,,retroachievements
7078,~Hack~ Super Mario Bros. 1X,Hack,65,1,local,1,,0,,0,,retroachievements
7147,~Hack~ A Haunted Christmas,Hack,17,1,local,1,,0,,0,,retroachievements
7319,~Hack~ Super Mario World: Return to Dinosaur Land,Hack,57,1,local,1,,0,,0,,retroachievements
7465,BS Zelda no Densetsu: Inishie no Sekiban,Official,57,17,unmatched,0,,0,,0,,
7474,~Hack~ Sicari Remastered,Hack,44,1,local,1,,0,,0,,retroachievements
7642,~Hack~ JUMP | Janked Up Mario Party,Hack,91,1,local,1,,0,,0,,retroachievements
7701,~Hack~ Captain Toad Treasure Tracker,Hack,51,1,local,1,,0,,0,,retroachievements
7723,~Hack~ Metroid: Super Zero Mission,Hack,45,1,local,1,,0,,0,,retroachievements
7791,~Homebrew~ 16 BIT XMAS 2011: Christmas Craze,Homebrew,10,1,local,1,16 BIT XMAS 2011 - Christmas Craze (World) (Aftermarket) (Unl),2,16 BIT XMAS 2011 - Christmas Craze (World) (Aftermarket) (Unl),0,,"nointro,retroachievements"
7873,~Hack~ Donkey Kong Country: Boss Blitz | Donkey Kong Country 2: Brigand Barrage,Hack,30,2,local,2,,0,,0,,retroachievements
7886,Kaizou Choujin Shubibinman Zero,Official,34,4,local,3,Kaizou Choujin Shubibinman Zero (Japan) (Columbus Circle),2,Kaizou Choujin Shubibinman Zero (Japan) (Columbus Circle),0,,"nointro,retroachievements"
7894,Kuusou Kagaku Sekai Gulliver Boy,Official,41,3,local,3,Kuusou Kagaku Sekai - Gulliver Boy (Japan),2,Kuusou Kagaku Sekai - Gulliver Boy (Japan),0,,"nointro,retroachievements"
7928,Ultima: Kyouryuu Teikoku - The Savage Empire,Official,36,3,local,1,Ultima - Kyouryuu Teikoku - The Savage Empire (Japan),2,Ultima - Kyouryuu Teikoku - The Savage Empire (Japan),0,,nointro
7943,~Hack~ Super Mario RPG: Armageddon,Hack,113,2,local,2,,0,,0,,retroachievements
8021,~Hack~ Super Vanilla World,Hack,16,2,local,2,,0,,0,,retroachievements
8060,~Hack~ Mario Wants His Lemonade,Hack,32,1,local,1,,0,,0,,retroachievements
8196,~Hack~ Mega Man X: Zero Playable,Hack,88,2,local,2,,0,,0,,retroachievements
8249,~Hack~ Donkey Kong Country: Competition Edition [10 Minutes],Hack,38,1,local,1,,0,,0,,retroachievements
8272,~Hack~ JUMP 1/2 | Janked Up Mario Party 1/2,Hack,78,1,local,1,,0,,0,,retroachievements
8463,~Hack~ Mega Man X3: Zero Project,Hack,76,3,local,3,,0,,0,,retroachievements
8476,~Hack~ Quickie World,Hack,30,1,local,1,,0,,0,,retroachievements
8670,Tamori no Picross,Official,19,5,unmatched,0,,0,,0,,
8696,~Hack~ Cartuchito World,Hack,41,1,local,1,,0,,0,,retroachievements
8702,Strike Gunner S.T.G,Official,21,3,local,3,"Super Strike Gunner (Europe),Strike Gunner S.T.G (USA),Strike Gunner S.T.G (Japan) (En)",6,"Super Strike Gunner (Europe),Strike Gunner S.T.G (USA),Strike Gunner S.T.G (Japan) (En)",0,,"nointro,retroachievements"
8706,Mega Man X2 [Subset - Bonus],Official,55,1,unmatched,0,,0,,0,,
8714,"~Hack~ Sure Shot ~ DELUXE EDITION [Subset - featuring Miles ""Tails"" Prower]",Hack,9,1,unmatched,0,,0,,0,,
8747,BS Zelda no Densetsu,Official,59,2,unmatched,0,,0,,0,,
8768,~Hack~ Grump's Dream Course,Hack,35,1,local,1,,0,,0,,retroachievements
8782,~Hack~ Prince of Persia: Evolution,Hack,29,1,local,1,,0,,0,,retroachievements
8811,~Hack~ Super Mario World Bros,Hack,47,1,local,1,,0,,0,,retroachievements
8828,Capcom's Soccer Shootout,Official,30,1,local,1,Capcom's Soccer Shootout (USA),2,Capcom's Soccer Shootout (USA),0,,"nointro,retroachievements"
8830,~Hack~ Donkey Kong Country 2: The Lost Levels,Hack,28,1,local,1,,0,,0,,retroachievements
8853,~Hack~ Super Mario Bros: The Early Years,Hack,36,1,local,1,,0,,0,,retroachievements
8969,~Hack~ Super Mario Kart Reversed,Hack,38,1,local,1,,0,,0,,retroachievements
9060,~Hack~ Oh No! More Zombies Ate My Neighbors!,Hack,36,1,local,1,,0,,0,,retroachievements
9144,~Hack~ Conker's High Rule Tail,Hack,60,1,local,1,,0,,0,,retroachievements
9175,~Hack~ Wario's Adventure,Hack,34,1,local,1,,0,,0,,retroachievements
9240,BS Fire Emblem: Akaneia Senkihen,Official,15,8,unmatched,0,,0,,0,,
9349,~Hack~ The Second Reality Project Reloaded,Hack,77,1,local,1,,0,,0,,retroachievements
9390,Super Mario World [Subset - Bonus],Official,84,1,unmatched,0,,0,,0,,
9392,~Hack~ The Lost Levels Enhanced,Hack,60,1,local,1,,0,,0,,retroachievements
9408,~Hack~ Mega Man X: Alpha,Hack,67,1,local,1,,0,,0,,retroachievements
9481,~Hack~ Ninja World,Hack,21,1,local,1,,0,,0,,retroachievements
9486,Mega Man 7 [Subset - Bonus],Official,23,1,unmatched,0,,0,,0,,
9487,~Hack~ Baby Kaizo World,Hack,50,1,local,1,,0,,0,,retroachievements
9511,~Hack~ The Legend of Zelda: PuzzleDude's Quest,Hack,61,1,local,1,,0,,0,,retroachievements
9512,~Hack~ The Legend of Zelda: A Link to the Past - Master Quest,Hack,57,1,local,1,,0,,0,,retroachievements
9517,~Hack~ Backwards Mario World,Hack,21,1,local,1,,0,,0,,retroachievements
9527,~Hack~ The 9th Annual Vanilla Level Design Contest,Hack,249,1,local,1,,0,,0,,retroachievements
9576,Cotton 100%: Märchen Adventure,Official,75,2,local,2,Maerchen Adventure Cotton 100% (Japan),2,Maerchen Adventure Cotton 100% (Japan),0,,"nointro,retroachievements"
9582,~Hack~ Mega Mario World: Another Universe,Hack,38,1,local,1,,0,,0,,retroachievements
9627,Ms. Pac-Man,Official,49,2,local,2,"Ms. Pac-Man (Europe),Ms. Pac-Man (USA)",4,"Ms. Pac-Man (Europe),Ms. Pac-Man (USA)",0,,"nointro,retroachievements"
9630,~Hack~ Super Luigi Land,Hack,42,1,local,1,,0,,0,,retroachievements
9727,Super Turrican,Official,35,2,local,2,"Super Turrican (USA),Super Turrican (Europe)",4,"Super Turrican (USA),Super Turrican (Europe)",0,,"nointro,retroachievements"
9763,~Hack~ Super Moo World,Hack,41,1,local,1,,0,,0,,retroachievements
9784,~Hack~ New Super Mario World 1: The Twelve Magic Orbs,Hack,58,1,local,1,,0,,0,,retroachievements
9790,Dr. Mario,Official,78,1,local,1,Dr. Mario (Japan) (En) (NP),2,Dr. Mario (Japan) (En) (NP),0,,"nointro,retroachievements"
9791,~Hack~ Mario Rescues the Golden Mushroom,Hack,25,2,local,2,,0,,0,,retroachievements
9824,~Hack~ Shell's Retriever,Hack,13,1,local,1,,0,,0,,retroachievements
9851,Space Megaforce,Official,59,1,local,1,Space Megaforce (USA),2,Space Megaforce (USA),0,,"nointro,retroachievements"
9918,~Hack~ Invictus,Hack,36,1,local,1,,0,,0,,retroachievements
9965,~Hack~ Chain Reaction,Hack,18,1,local,1,,0,,0,,retroachievements
10339,~Hack~ The Legend of Zelda: Cube,Hack,17,1,local,1,,0,,0,,retroachievements
10701,~Test Kit~ SNES Burn-in Test Cartridge,Test Kit,14,1,local,1,Burn-in - Test Cartridge (USA) (Rev D),2,Burn-in - Test Cartridge (USA) (Rev D),0,,"nointro,retroachievements"
11021,Ranma ½: Chounai Gekitou Hen,Official,25,1,local,1,Ranma 1-2 - Chounai Gekitou Hen (Japan),2,Ranma 1-2 - Chounai Gekitou Hen (Japan),0,,"nointro,retroachievements"
11428,~Hack~ Super Mario World: Christmas Edition,Hack,23,1,local,1,,0,,0,,retroachievements
11580,Kamen Rider,Official,17,1,local,1,Kamen Rider (Japan),2,Kamen Rider (Japan),0,,"nointro,retroachievements"
11636,~Hack~ Mario's Keytastrophe: Rebirth Edition,Hack,38,1,local,1,,0,,0,,retroachievements
11639,~Unlicensed~ Pokémon Stadium,Unlicensed,15,1,local,1,,0,,1,Pokemon Stadium (USA) (Pirate),retroachievements
11653,Battle Pinball,Official,37,1,local,1,Battle Pinball (Japan),2,Battle Pinball (Japan),0,,"nointro,retroachievements"
11664,Tengai Makyou Zero,Official,96,2,local,2,Tengai Makyou Zero (Japan),2,Tengai Makyou Zero (Japan),0,,"nointro,retroachievements"
11709,~Hack~ Legends of Mario,Hack,35,1,local,1,,0,,0,,retroachievements
12729,SD The Great Battle: Aratanaru Chousen,Official,55,1,local,1,,0,,0,,retroachievements
12736,~Hack~ Super Mario World: Learn 2 Kaizo,Hack,76,1,local,1,,0,,0,,retroachievements
12809,~Hack~ Super Metroid: Retroid,Hack,27,2,local,1,,0,,0,,retroachievements
12818,Lufia II: Rise of the Sinistrals [Subset - Ancient Cave],Official,50,1,unmatched,0,,0,,0,,
12823,~Homebrew~ Super Road Blaster,Homebrew,16,1,unmatched,0,,0,,0,,
12825,~Hack~ Hyper Street Kart: The Road Warrior,Hack,44,3,local,1,,0,,0,,retroachievements
12828,Ranma ½: Chougi Ranbu Hen,Official,46,2,local,2,Ranma 1-2 - Chougi Ranbu Hen (Japan),2,Ranma 1-2 - Chougi Ranbu Hen (Japan),0,,"nointro,retroachievements"
12832,Undake30 Same Game Daisakusen: Mario Version,Official,13,2,local,1,Undake 30 - Same Game Daisakusen - Mario Version (Japan),2,Undake 30 - Same Game Daisakusen - Mario Version (Japan),0,,"nointro,retroachievements"
12885,~Hack~ SMW2+,Hack,73,1,local,1,,0,,0,,retroachievements
12904,Pac-in-Time,Official,63,1,local,1,Pac-In-Time (USA),2,Pac-In-Time (USA),0,,"nointro,retroachievements"
13067,Laplace no Ma,Official,60,3,local,3,Laplace no Ma (Japan),2,Laplace no Ma (Japan),0,,"nointro,retroachievements"
13246,~Hack~ Super Mario Bros. 5 Reborn,Hack,37,1,local,1,,0,,0,,retroachievements
13344,~Hack~ Donkey Kong Country 3: Tag Team Trouble,Hack,56,1,local,1,,0,,0,,retroachievements
13714,~Hack~ Super Castlevania IV: Other Castle,Hack,43,1,unmatched,0,,0,,0,,
13972,~Hack~ Quest on Full Moon Island,Hack,45,1,local,1,,0,,0,,retroachievements
14010,~Hack~ SMW: Il Maniero Spettrale (Halloween 2018),Hack,6,1,local,1,,0,,0,,retroachievements
14013,~Prototype~ Rayman,Prototype,10,1,local,1,Rayman (Europe) (Proto),2,Rayman (Europe) (Proto),0,,"nointro,retroachievements"
14026,~Hack~ SMW2+3: The Essence Star,Hack,83,2,local,2,,0,,0,,retroachievements
14120,~Hack~ Super Mario World: 2 Player Co-Op Quest!,Hack,17,1,local,1,,0,,0,,retroachievements
14128,~Hack~ Quickie World 2,Hack,50,1,local,1,,0,,0,,retroachievements
14154,~Hack~ Mega Man Arkanoid,Hack,135,1,local,1,,0,,0,,retroachievements
14313,~Hack~ The Hunt for the Chocolate Egg,Hack,17,1,local,1,,0,,0,,retroachievements
14342,~Hack~ Super Mario Logic,Hack,21,1,local,1,,0,,0,,retroachievements
14368,~Hack~ Mario Game,Hack,59,1,unmatched,0,,0,,0,,
14476,~Hack~ Climb the Tower,Hack,19,1,local,1,,0,,0,,retroachievements
14477,~Hack~ Things.smc,Hack,168,1,local,1,,0,,0,,retroachievements
14485,~Hack~ Super Machok World,Hack,16,1,local,1,,0,,0,,retroachievements
14553,~Hack~ Super Diagonal Mario 2: The Ultimate Meme Machine,Hack,35,2,local,2,,0,,0,,retroachievements
14626,~Hack~ Ninja World 2,Hack,21,1,local,1,,0,,0,,retroachievements
14648,~Homebrew~ Super Mario War,Homebrew,10,1,local,1,,0,,0,,retroachievements
14675,~Hack~ HotHead Heights,Hack,9,1,local,1,,0,,0,,retroachievements
14676,~Hack~ New Super Kaizo Bros.,Hack,25,1,local,1,,0,,0,,retroachievements
14699,~Prototype~ Sound Factory,Prototype,13,1,local,1,Sound Factory (Japan) (En) (Proto),2,Sound Factory (Japan) (En) (Proto),0,,nointro
14708,~Hack~ Super Stacey World,Hack,16,1,local,1,,0,,0,,retroachievements
14757,~Hack~ Just Blob,Hack,17,1,local,1,,0,,0,,retroachievements
14771,~Hack~ Super Baldy Kart,Hack,46,1,local,1,,0,,0,,retroachievements
15390,~Hack~ Super SpongeBob Kart,Hack,46,2,local,1,,0,,0,,retroachievements
15400,~Hack~ Luigi Kaizo King,Hack,17,1,local,1,,0,,0,,retroachievements
15437,Bishoujo Senshi Sailor Moon SuperS: Zenin Sanka! Shuyaku Soudatsusen,Official,22,1,local,1,Bishoujo Senshi Sailor Moon SuperS - Zenin Sanka!! Shuyaku Soudatsusen (Japan),2,Bishoujo Senshi Sailor Moon SuperS - Zenin Sanka!! Shuyaku Soudatsusen (Japan),0,,"nointro,retroachievements"
15450,~Hack~ Super NicoNico Kart,Hack,44,1,local,1,,0,,0,,retroachievements
15545,~Hack~ Interesting Kaizo World,Hack,33,1,local,1,,0,,0,,retroachievements
15655,~Hack~ Hack,Hack,20,1,local,1,,0,,0,,retroachievements
15720,~Hack~ Super Pika Land Ultra: Chocolate Version,Hack,41,1,local,1,,0,,0,,retroachievements
15733,NBA Hang Time,Official,37,1,local,1,NBA Hang Time (USA),2,NBA Hang Time (USA),0,,"nointro,retroachievements"
16042,~Hack~ Super Sheffy World Deluxe,Hack,18,1,local,1,,0,,0,,retroachievements
16056,~Homebrew~ Super Sudoku,Homebrew,40,1,local,1,Super Sudoku (World) (Aftermarket) (Unl),2,Super Sudoku (World) (Aftermarket) (Unl),0,,"nointro,retroachievements"
16113,~Hack~ Super Ryu World,Hack,15,1,local,1,,0,,0,,retroachievements
16121,~Hack~ New Super Mario World 2: Around the World,Hack,45,2,local,2,,0,,0,,retroachievements
16187,~Hack~ 1st Kochobo Dourado Collab | Kochobo Dourado,Hack,35,1,local,1,,0,,0,,retroachievements
16190,~Hack~ The Senate,Hack,38,1,local,1,,0,,0,,retroachievements
16194,~Hack~ Call of Cthulhu,Hack,13,1,local,1,,0,,0,,retroachievements
16201,~Hack~ Super Swunsh World,Hack,13,1,local,1,,0,,0,,retroachievements
16213,~Hack~ The Joy of Kaizo with Bob Ross,Hack,54,1,local,1,,0,,0,,retroachievements
16216,~Hack~ Super Run World,Hack,25,1,local,1,,0,,0,,retroachievements
16223,~Hack~ Xalabaias Adventure | Uma Aventura Xalabaias,Hack,22,1,local,1,,0,,0,,retroachievements
16238,~Hack~ Panic in the Mushroom Kingdom,Hack,34,1,local,1,,0,,0,,retroachievements
16275,~Hack~ Super Mario Starlight Remix,Hack,34,1,local,1,,0,,0,,retroachievements
16312,~Hack~ VIP and Wall Mix 3,Hack,61,1,local,1,,0,,0,,retroachievements
16315,~Hack~ Wolverine: Feral Instinct,Hack,14,2,local,2,,0,,0,,retroachievements
16365,Dead Dance,Official,27,1,local,1,Dead Dance (Japan),2,Dead Dance (Japan),0,,"nointro,retroachievements"
16394,King Arthur's World,Official,39,1,local,1,King Arthur's World (USA),2,King Arthur's World (USA),0,,"nointro,retroachievements"
16441,~Hack~ Birola World,Hack,41,1,local,1,,0,,0,,retroachievements
16473,~Hack~ Of Jumps and Platforms,Hack,8,1,local,1,,0,,0,,retroachievements
16481,~Hack~ A Rushed Project,Hack,30,1,local,1,,0,,0,,retroachievements
16482,~Hack~ Ninja World 3,Hack,14,1,local,1,,0,,0,,retroachievements
16487,~Hack~ domenyX vs Coronavirus,Hack,39,1,local,1,,0,,0,,retroachievements
16496,~Hack~ Final Fantasy VI: Return of the Dark Sorcerer,Hack,178,4,local,4,,0,,0,,retroachievements
16497,~Hack~ Super Sheffy World 2: The Quest for 5 Shells,Hack,23,1,local,1,,0,,0,,retroachievements
16505,Clue: Parker Brothers' Classic Detective Game,Official,19,1,local,1,Clue (USA),2,Clue (USA),0,,"nointro,retroachievements"
16515,~Hack~ YUMP,Hack,123,1,local,1,,0,,0,,retroachievements
16516,~Hack~ YUMP 2,Hack,150,1,local,1,,0,,0,,retroachievements
16517,~Hack~ Super Mario World and the Bois!,Hack,17,1,local,1,,0,,0,,retroachievements
16542,Super Metroid [Subset - Bonus],Official,65,1,local,1,,0,,0,,retroachievements
16545,~Hack~ Super Nova,Hack,22,1,local,1,,0,,0,,retroachievements
16555,The Ren & Stimpy Show: Fire Dogs,Official,15,1,local,1,"Ren & Stimpy Show, The - Fire Dogs (USA)",2,"Ren & Stimpy Show, The - Fire Dogs (USA)",0,,nointro
16571,~Hack~ Zap Lena World,Hack,13,2,local,2,,0,,0,,retroachievements
16772,~Hack~ SMW: The Crown Tale,Hack,61,2,local,2,,0,,0,,retroachievements
16773,~Hack~ Mega Man X2: Ultimate Armor,Hack,70,1,local,1,,0,,0,,retroachievements
16774,~Hack~ Mega Man X3: Proto Edition,Hack,34,1,local,1,,0,,0,,retroachievements
16926,~Hack~ Mario & Luigi: Starlight Island Adventure,Hack,29,1,local,1,,0,,0,,retroachievements
16927,~Hack~ Robfather World,Hack,29,1,local,1,,0,,0,,retroachievements
16928,~Hack~ Oops all keys,Hack,7,1,local,1,,0,,0,,retroachievements
17038,~Hack~ Hack 1 2,Hack,20,1,local,1,,0,,0,,retroachievements
17046,~Hack~ Mario is Missing! Done Right,Hack,32,1,local,1,,0,,0,,retroachievements
17056,~Hack~ Cheep Cheep Challenge,Hack,7,1,local,1,,0,,0,,retroachievements
17068,~Hack~ Fall Guys World,Hack,19,1,local,1,,0,,0,,retroachievements
17078,~Hack~ Mario Goes to Brazil,Hack,40,1,unmatched,0,,0,,0,,
17079,~Hack~ Super Mario: Christmas Season,Hack,7,1,local,1,,0,,0,,retroachievements
17084,~Hack~ Vanilla: Made to Order,Hack,17,1,local,1,,0,,0,,retroachievements
17132,~Hack~ Super Mario /v/orld 2: Moot Point,Hack,43,2,unmatched,0,,0,,0,,
17136,~Hack~ Super Mario Bros. R,Hack,16,1,local,1,,0,,0,,retroachievements
17184,~Hack~ Rockman 7 EP,Hack,75,2,local,2,,0,,0,,retroachievements
17360,~Hack~ Arcana: Seal of Rimsala,Hack,66,1,local,1,,0,,0,,retroachievements
17401,~Hack~ Super LUEshi World,Hack,42,1,local,1,,0,,0,,retroachievements
17413,~Homebrew~ Classic Kong,Homebrew,10,1,local,1,Classic Kong Complete (World) (v2.01) (Aftermarket) (Unl),2,Classic Kong Complete (World) (v2.01) (Aftermarket) (Unl),0,,"nointro,retroachievements"
17425,~Hack~ Tebeo,Hack,71,1,local,1,,0,,0,,retroachievements
17427,~Hack~ El Dorado,Hack,19,1,local,1,,0,,0,,retroachievements
17428,~Hack~ Newbie Kaizo World,Hack,10,1,local,1,,0,,0,,retroachievements
17441,~Hack~ Super Mario World: Neeberz's Hack,Hack,31,1,local,1,,0,,0,,retroachievements
17442,~Hack~ Project Brutality,Hack,6,1,local,1,,0,,0,,retroachievements
17443,~Hack~ Super Mario World: A Super Mario Adventure,Hack,22,1,local,1,,0,,0,,retroachievements
17453,~Hack~ Super Mario: Oiram's Invasion,Hack,20,1,local,1,,0,,0,,retroachievements
17455,~Hack~ Epic Racers,Hack,54,1,local,1,,0,,0,,retroachievements
17465,~Hack~ Super Mario Bros. 3: Golden,Hack,36,1,local,1,,0,,0,,retroachievements
17466,~Hack~ Super Beco World,Hack,15,1,local,1,,0,,0,,retroachievements
17478,~Hack~ Super Mario Another Retro,Hack,36,1,local,1,,0,,0,,retroachievements
17518,~Prototype~ Tom vs. Jerry: The Chase is On!,Prototype,16,1,local,1,Tom vs Jerry - The Chase Is On! (Europe) (Proto 2),2,Tom vs Jerry - The Chase Is On! (Europe) (Proto 2),0,,"nointro,retroachievements"
17542,~Hack~ Banzai Mario World,Hack,69,1,unmatched,0,,0,,0,,
17546,~Hack~ Kaizo Mario World 3,Hack,16,2,local,2,,0,,0,,retroachievements
17548,~Hack~ The 8th Annual Vanilla Level Design Contest,Hack,154,1,local,1,,0,,0,,retroachievements
17634,~Hack~ Mega Man X: Hard Edition,Hack,28,1,local,1,,0,,0,,retroachievements
17670,~Hack~ Luigi Stardust Adventure,Hack,41,1,local,1,,0,,0,,retroachievements
17693,~Hack~ Mega Man X: Tehe Man X,Hack,36,2,local,2,,0,,0,,retroachievements
17694,~Hack~ Mega Man X3: Tsuraranoma,Hack,52,1,local,1,,0,,0,,retroachievements
17728,~Hack~ Rockman X: New Year's,Hack,21,5,local,5,,0,,0,,retroachievements
17732,~Hack~ Mega Man X: Proto Edition,Hack,39,1,local,1,,0,,0,,retroachievements
17761,~Prototype~ Atmosfear,Prototype,10,1,local,1,Atmosfear (USA) (Proto),2,Atmosfear (USA) (Proto),0,,"nointro,retroachievements"
17867,~Hack~ Mario Mania,Hack,25,1,local,1,,0,,0,,retroachievements
17921,~Hack~ EightBound Regal,Hack,13,1,local,1,,0,,0,,retroachievements
17929,~Hack~ Super Slope Muncher,Hack,10,1,local,1,,0,,0,,retroachievements
17937,Dharma Dojo,Official,20,1,local,1,Dharma Doujou (Japan),2,Dharma Doujou (Japan),0,,"nointro,retroachievements"
17944,~Hack~ Chrono Trigger+,Hack,109,1,unmatched,0,,0,,0,,
17945,~Hack~ Chrono Trigger: Schala Edition,Hack,75,1,unmatched,0,,0,,0,,
17949,~Hack~ Super Mario World: 30th Anniversary Edition,Hack,118,1,unmatched,0,,0,,0,,
17953,Aero Fighters [Subset - Multiplayer],Official,25,2,local,1,,0,,0,,retroachievements
17956,~Homebrew~ Dottie Dreads Nought,Homebrew,12,1,local,1,Dottie - Dreads Nought (World) (v1.1) (Aftermarket) (Unl),2,Dottie - Dreads Nought (World) (v1.1) (Aftermarket) (Unl),0,,"nointro,retroachievements"
17957,~Homebrew~ Sure Instinct,Homebrew,18,1,local,1,Sure Instinct (World) (v1.0.2) (NTSC) (Aftermarket) (Unl),2,Sure Instinct (World) (v1.0.2) (NTSC) (Aftermarket) (Unl),0,,"nointro,retroachievements"
17987,~Hack~ Another Mario World,Hack,28,1,local,1,,0,,0,,retroachievements
18102,~Hack~ Lakitu's Great Adventure,Hack,18,1,local,1,,0,,0,,retroachievements
18165,~Hack~ V I T A L I T Y,Hack,50,1,local,1,,0,,0,,retroachievements
18184,~Hack~ Umihara Kawase: Christmas Community Challenge,Hack,11,1,local,1,,0,,0,,retroachievements
18188,~Hack~ Super Mario World: The Great Sixth,Hack,28,1,local,1,,0,,0,,retroachievements
18191,"~Hack~ Super ""Sonic Saves the World"" World",Hack,61,1,local,1,,0,,0,,retroachievements
18274,Ys IV: Mask of the Sun [Subset - Bonus],Official,10,1,unmatched,0,,0,,0,,
18280,EarthBound [Subset - Rare Drops],Official,21,1,unmatched,0,,0,,0,,
18284,~Homebrew~ Fork Parker's Crunch Out,Homebrew,53,1,local,1,Fork Parker's Crunch Out (USA) (Aftermarket) (Unl),2,Fork Parker's Crunch Out (USA) (Aftermarket) (Unl),0,,"nointro,retroachievements"
18287,~Hack~ Purgatory,Hack,48,1,local,1,,0,,0,,retroachievements
18296,~Hack~ Mega Man X2: Alpha,Hack,53,14,local,14,,0,,0,,retroachievements
18312,~Hack~ The Legend of Zelda: A Link to the Past: Hylian Legacy,Hack,70,1,local,1,,0,,0,,retroachievements
18319,~Hack~ Jeff's No. 1 Bass Fishing,Hack,7,1,local,1,,0,,0,,retroachievements
18327,~Hack~ Donkey Kong Country: Pacifist Mode,Hack,55,1,local,1,,0,,0,,retroachievements
18328,~Hack~ Donkey Kong Country Mania,Hack,20,1,local,1,,0,,0,,retroachievements
18329,~Hack~ Donkey Kong Country 2 Unveiled,Hack,64,2,local,2,,0,,0,,retroachievements
18339,~Hack~ Final Fantasy VI: T-Edition +EX,Hack,157,2,local,2,,0,,0,,retroachievements
18387,~Hack~ Super Mario World: The Secret of the 7 Golden Statues,Hack,64,1,local,1,,0,,0,,retroachievements
18388,~Hack~ Run!,Hack,12,1,local,1,,0,,0,,retroachievements
18548,~Hack~ SMW: Gaiden,Hack,87,1,local,1,,0,,0,,retroachievements
18608,~Hack~ Super Mario Bros. Peach's Adventure,Hack,124,1,local,1,,0,,0,,retroachievements
18657,~Hack~ Final Fantasy VI: Divergent Paths,Hack,82,1,local,1,,0,,0,,retroachievements
18690,~Hack~ Winter Festive 2020: Advent CalenDoor,Hack,54,6,local,6,,0,,0,,retroachievements
18796,~Hack~ Luminescent,Hack,26,1,local,1,,0,,0,,retroachievements
18807,~Hack~ Super Metroid: Harvest,Hack,26,2,local,2,,0,,0,,retroachievements
18808,~Hack~ Super Metroid: Hotlands,Hack,25,2,local,2,,0,,0,,retroachievements
18819,~Hack~ Super Boss Collection,Hack,153,1,local,1,,0,,0,,retroachievements
18829,~Hack~ Final Fantasy VI: The Eternal Crystals,Hack,92,1,local,1,,0,,0,,retroachievements
18833,~Hack~ Final Fantasy IV: Unprecedented Crisis,Hack,57,1,local,1,,0,,0,,retroachievements
18966,~Hack~ Goof Troop ST: Space Treasure,Hack,20,2,local,2,,0,,0,,retroachievements
18970,Cho Aniki: Bakuretsu Rantou Hen,Official,40,1,local,1,Chou Aniki - Bakuretsu Rantou Hen (Japan),2,Chou Aniki - Bakuretsu Rantou Hen (Japan),0,,"nointro,retroachievements"
18974,Toys,Official,36,1,local,1,Toys - Let the Toy Wars begin! (USA),2,Toys - Let the Toy Wars begin! (USA),0,,"nointro,retroachievements"
19504,~Hack~ The 11th Annual Vanilla Level Design Contest,Hack,245,1,local,1,,0,,0,,retroachievements
19738,~Hack~ Quest of Hat,Hack,26,1,local,1,,0,,0,,retroachievements
19803,Magic Boy,Official,147,2,local,2,"Magic Boy (Europe),Magic Boy (USA)",4,"Magic Boy (Europe),Magic Boy (USA)",0,,"nointro,retroachievements"
19856,Paladin's Quest [Subset - No Mercenaries],Official,16,1,unmatched,0,,0,,0,,
19860,Pachinko Wars,Official,31,1,local,1,Pachinko Wars (Japan),2,Pachinko Wars (Japan),0,,"nointro,retroachievements"
19875,~Hack~ Super Mario World Central Production 2,Hack,144,1,local,1,,0,,0,,retroachievements
19883,~Hack~ Super Metroid: Unhundred %,Hack,33,1,local,1,,0,,0,,retroachievements
19886,Pachio-kun Special,Official,53,1,local,1,Pachio-kun Special (Japan),2,Pachio-kun Special (Japan),0,,"nointro,retroachievements"
19888,Kirby Super Star | Kirby's Fun Pak [Subset - Multiplayer],Official,51,1,local,1,,0,,0,,retroachievements
19889,~Hack~ The Legend of Zelda: Secrets of the Past,Hack,51,1,local,1,,0,,0,,retroachievements
19892,~Hack~ Super Metroid: Ascent,Hack,80,1,local,1,,0,,0,,retroachievements
19916,Pokonyan! Henpokorin Adventure,Official,35,1,local,1,Pokonyan! - Henpokorin Adventure (Japan),2,Pokonyan! - Henpokorin Adventure (Japan),0,,"nointro,retroachievements"
20004,America Oudan Ultra Quiz,Official,15,2,local,1,America Oudan Ultra Quiz (Japan),2,America Oudan Ultra Quiz (Japan),0,,nointro
20034,~Hack~ Mario Eisouoku ~ Illusionary Blossom of Cranium Prayer,Hack,13,1,local,1,,0,,0,,retroachievements
20047,~Hack~ Wario's Wonderful Walk,Hack,10,1,local,1,,0,,0,,retroachievements
20060,~Hack~ The Legend of Zelda: Echoes of the Past,Hack,77,1,local,1,,0,,0,,retroachievements
20064,~Hack~ Metroid: The Blue Plague,Hack,23,1,local,1,,0,,0,,retroachievements
20065,~Hack~ Super Mario /v/orld 3: New Vegas,Hack,66,1,unmatched,0,,0,,0,,
20070,~Hack~ Rockman 7 EP [Subset - Bonus],Hack,15,2,local,2,,0,,0,,retroachievements
20099,Uchuu no Kishi: Tekkaman Blade,Official,21,2,local,2,Uchuu no Kishi - Tekkaman Blade (Japan),2,Uchuu no Kishi - Tekkaman Blade (Japan),0,,"nointro,retroachievements"
20234,~Hack~ Rockman X3: Damage Boost,Hack,52,1,local,1,,0,,0,,retroachievements
20281,~Hack~ 3 Islands of Shells,Hack,11,1,local,1,,0,,0,,retroachievements
20307,~Hack~ Classic Mario World: The Magical Crystals,Hack,55,1,local,1,,0,,0,,retroachievements
20343,~Hack~ The Legend of Zelda: Gerudo Exile,Hack,49,1,local,1,,0,,0,,retroachievements
20368,~Hack~ domenyX Generations,Hack,45,2,local,2,,0,,0,,retroachievements
20474,~Hack~ Kenny's Adventure,Hack,24,1,local,1,,0,,0,,retroachievements
20562,Kirby no Omochabako | Kirby's Toy Box,Official,58,9,unmatched,0,,0,,0,,
20564,~Hack~ Henry's Adventure,Hack,34,1,local,1,,0,,0,,retroachievements
20565,~Hack~ Holiday Hex,Hack,15,1,local,1,,0,,0,,retroachievements
21506,~Hack~ Mega Man X: Soft-Type,Hack,66,1,local,1,,0,,0,,retroachievements
21717,Panel de Pon [Subset - Bonus],Official,6,1,unmatched,0,,0,,0,,
21742,~Hack~ Super Metroid: Subversion,Hack,92,1,local,1,,0,,0,,retroachievements
21899,Secret of Mana [Subset - Rare Drops],Official,78,1,unmatched,0,,0,,0,,
22078,~Hack~ Celeste.smc,Hack,48,1,local,1,,0,,0,,retroachievements
22105,Tokimeki Memorial: Densetsu no Ki no Shita de [Subset - One-Session Confessions],Official,11,2,unmatched,0,,0,,0,,
22135,Treasure Conflix,Official,79,2,local,1,,0,,0,,retroachievements
22181,~Hack~ World's Hardest Hack,Hack,12,1,local,1,,0,,0,,retroachievements
22183,~Hack~ Brave New World,Hack,34,1,local,1,,0,,0,,retroachievements
22452,~Hack~ Final Fantasy VI: A Soldier's Contingency,Hack,175,2,unmatched,0,,0,,0,,
22521,~Hack~ Baron of Shell,Hack,42,1,local,1,,0,,0,,retroachievements
22560,"~Hack~ Celeste.smc [Subset - ""Golden Strawberries""]",Hack,11,1,unmatched,0,,0,,0,,
22699,~Hack~ A Goomba's Walk,Hack,17,1,local,1,,0,,0,,retroachievements
22747,Super Mario Kart [Subset - Bonus],Official,42,1,unmatched,0,,0,,0,,
22825,~Hack~ Fly Me To The Stars,Hack,7,1,local,1,,0,,0,,retroachievements
22846,~Hack~ Krack The Hack,Hack,46,1,local,1,,0,,0,,retroachievements
22873,GON,Official,18,1,local,1,Gon (Japan) (En),2,Gon (Japan) (En),0,,"nointro,retroachievements"
23001,Jungle no Ouja Tar-chan: Sekai Manyuu Dai Kakutou no Maki,Official,28,1,local,1,Jungle no Ouja Tar-chan - Sekaimanyuu Daikakutou no Maki (Japan),2,Jungle no Ouja Tar-chan - Sekaimanyuu Daikakutou no Maki (Japan),0,,"nointro,retroachievements"
23003,BS Super Mario USA: Power Challenge,Official,34,13,local,12,,0,,0,,retroachievements
23024,Battle Blaze,Official,17,1,local,1,Battle Blaze (USA),2,Battle Blaze (USA),0,,"nointro,retroachievements"
23045,Block Kuzushi,Official,31,1,local,1,Block Kuzushi (Japan),2,Block Kuzushi (Japan),0,,"nointro,retroachievements"
23049,~Hack~ Super Koopa RPG: Here Comes the Koopa Bros.!,Hack,79,1,local,1,,0,,0,,retroachievements
23056,Cacoma Knight in Bizyland,Official,24,1,local,1,Cacoma Knight in Bizyland (USA),2,Cacoma Knight in Bizyland (USA),0,,"nointro,retroachievements"
23098,Doom Troopers,Official,20,1,local,1,Doom Troopers (USA),2,Doom Troopers (USA),0,,"nointro,retroachievements"
23121,F1 ROC: Race of Champions,Official,37,1,local,1,F1 ROC - Race of Champions (USA),2,F1 ROC - Race of Champions (USA),0,,"nointro,retroachievements"
23149,Gangan Gan-chan,Official,44,1,local,1,Gangan Gan-chan (Japan),2,Gangan Gan-chan (Japan),0,,"nointro,retroachievements"
23203,~Hack~ Beautiful Dangerous,Hack,40,1,local,1,,0,,0,,retroachievements
23290,Kouryuu Densetsu Villgust: Kieta Shoujo,Official,46,2,local,2,Kouryuu Densetsu Villgust - Kieta Shoujo (Japan),2,Kouryuu Densetsu Villgust - Kieta Shoujo (Japan),0,,"nointro,retroachievements"
23308,Little Magic,Official,42,2,local,2,Little Magic (Japan),2,Little Magic (Japan),0,,"nointro,retroachievements"
23372,Nickelodeon Guts,Official,20,1,local,1,Nickelodeon GUTS (USA),2,Nickelodeon GUTS (USA),0,,nointro
23626,Tamagotchi Town,Official,28,1,local,1,Tamagotch Town (Japan) (NP),2,Tamagotch Town (Japan) (NP),0,,nointro
23638,~Hack~ You Are Just A Blue Switch,Hack,13,1,local,1,,0,,0,,retroachievements
23678,Winter Olympic Games: Lillehammer '94,Official,29,1,local,1,"Winter Olympic Games - Lillehammer '94 (USA) (En,Fr,De,Es,It,Pt,Sv,No)",2,"Winter Olympic Games - Lillehammer '94 (USA) (En,Fr,De,Es,It,Pt,Sv,No)",0,,"nointro,retroachievements"
23702,~Hack~ FF5r,Hack,84,2,unmatched,0,,0,,0,,
23703,~Hack~ Hack 0 2,Hack,18,2,local,2,,0,,0,,retroachievements
23716,~Hack~ Akogare Mario World Deluxe,Hack,48,1,local,1,,0,,0,,retroachievements
23717,~Hack~ Akogare 2,Hack,52,1,local,1,,0,,0,,retroachievements
23718,~Hack~ Intershellar,Hack,33,1,local,1,,0,,0,,retroachievements
23723,~Hack~ 100 Rooms of Enemies,Hack,49,1,local,1,,0,,0,,retroachievements
23727,~Hack~ Windows Mario World,Hack,25,1,local,1,,0,,0,,retroachievements
23728,~Hack~ Star Fox: EX,Hack,61,2,local,2,,0,,0,,retroachievements
23729,~Homebrew~ Supercooked!,Homebrew,17,1,local,1,Supercooked! (World) (v1.2) (Aftermarket) (Unl),2,Supercooked! (World) (v1.2) (Aftermarket) (Unl),0,,"nointro,retroachievements"
23740,~Hack~ ~Demo~ Super Alicorn Sisters: Return of the Tantabus,Hack/Demo,7,1,local,1,,0,,0,,retroachievements
24005,~Homebrew~ Nightmare Busters [Subset - Bonus],Homebrew,2,1,unmatched,0,,0,,0,,
24083,"~Hack~ Mega Man X: Cadê o Chão, Sharivan?",Hack,42,2,local,2,,0,,0,,retroachievements
24132,~Hack~ The Legend of Zelda: 18 Hours Past,Hack,18,1,local,1,,0,,0,,retroachievements
24137,The Legend of Zelda: A Link to the Past [Subset - Glitch Showcase],Official,37,1,local,1,Zelda no Densetsu - Kamigami no Triforce (Japan),2,Zelda no Densetsu - Kamigami no Triforce (Japan),0,,"nointro,retroachievements"
24369,~Hack~ The Ninji Saga,Hack,15,1,local,1,,0,,0,,retroachievements
24709,~Hack~ Sure Shot ~ featuring Sonic the Hedgehog DELUXE EDITION,Hack,32,1,local,1,,0,,0,,retroachievements
24892,~Hack~ Love Yourself,Hack,21,1,local,1,,0,,0,,retroachievements
24948,~Hack~ dlroW oiraM repuS,Hack,35,1,local,1,,0,,0,,retroachievements
24991,~Hack~ SMW2+2,Hack,64,1,local,1,,0,,0,,retroachievements
25073,~Hack~ Super Nothing World,Hack,36,1,local,1,,0,,0,,retroachievements
25181,~Hack~ Super Metroid: Rotation,Hack,52,2,local,2,,0,,0,,retroachievements
25294,~Hack~ My QLDC Level,Hack,11,1,local,1,,0,,0,,retroachievements
25318,~Hack~ Seek the Discrepancy,Hack,19,1,local,1,,0,,0,,retroachievements
25612,~Hack~ Super Junkoid,Hack,46,1,local,1,,0,,0,,retroachievements
25628,Mortal Kombat 3 [Subset - Master Destiny 1cc],Official,15,1,unmatched,0,,0,,0,,
25631,EarthBound [Subset - Camera Shy],Official,9,19,unmatched,0,,0,,0,,
25669,~Hack~ Don't Dig Down,Hack,9,1,local,1,,0,,0,,retroachievements
25690,~Hack~ Joe Biden for the PS2 2: Re-elected,Hack,19,1,local,1,,0,,0,,retroachievements
25800,~Hack~ The Legend of Zelda: The Shadow's Fall,Hack,23,1,local,1,,0,,0,,retroachievements
26376,~Hack~ Filly Fantasy VI,Hack,72,1,local,1,,0,,0,,retroachievements
26525,~Hack~ Hack 0,Hack,18,1,local,1,,0,,0,,retroachievements
26549,~Hack~ Hack 6,Hack,29,1,local,1,,0,,0,,retroachievements
26550,~Hack~ Super Mario Bros: Merry Mountain Christmas Adventure,Hack,28,1,local,1,,0,,0,,retroachievements
27722,~Hack~ Super Dram World,Hack,34,1,unmatched,0,,0,,0,,
27731,~Hack~ Stick mice in my head and then beat my head in with a hammer,Hack,37,1,unmatched,0,,0,,0,,
27734,~Hack~ Elephants and Snakes and Crocodiles,Hack,16,1,unmatched,0,,0,,0,,
27757,~Hack~ The Team Shell Hack,Hack,49,1,local,1,,0,,0,,retroachievements
27863,~Hack~ Shell's Redeemer,Hack,14,1,local,1,,0,,0,,retroachievements
28062,~Hack~ Nonsense,Hack,145,2,local,2,,0,,0,,retroachievements
28134,~Hack~ #0 IGGY'S CASTLE,Hack,31,1,local,1,,0,,0,,retroachievements
28163,~Hack~ Elysium Shells,Hack,23,1,local,1,,0,,0,,retroachievements
28165,~Homebrew~ Dottie Flowers,Homebrew,24,1,local,1,Dottie Flowers (Japan) (v1.1) (Aftermarket) (Unl),2,Dottie Flowers (Japan) (v1.1) (Aftermarket) (Unl),0,,"nointro,retroachievements"
28174,~Hack~ Casio Mario World,Hack,17,1,local,1,,0,,0,,retroachievements
28242,~Hack~ Menara: Grass Land,Hack,6,1,local,1,,0,,0,,retroachievements
28243,~Hack~ Midna's Mario World,Hack,14,2,local,2,,0,,0,,retroachievements
28251,~Hack~ Monty Mole Island,Hack,10,1,local,1,,0,,0,,retroachievements
28308,~Hack~ Tortured Souls,Hack,54,1,local,1,,0,,0,,retroachievements
28329,~Hack~ The Legend of Zelda: Allhallows Eve,Hack,41,1,local,1,,0,,0,,retroachievements
28341,~Hack~ SMW For Your Kids Only,Hack,30,1,local,1,,0,,0,,retroachievements
28439,~Hack~ Sauna Mario World,Hack,32,1,local,1,,0,,0,,retroachievements
28597,~Hack~ The 3 Lost Challenges,Hack,6,1,local,1,,0,,0,,retroachievements
28626,~Hack~ Nightmare Cafe I-X,Hack,85,10,local,10,,0,,0,,retroachievements
28635,~Hack~ Casio Mario World [Subset - True Skill],Hack,9,1,unmatched,0,,0,,0,,
28659,~Hack~ Things.smc 2: Booni's Island.smc,Hack,16,1,local,1,,0,,0,,retroachievements
28799,~Hack~ Sprites Are 1derful,Hack,57,1,local,1,,0,,0,,retroachievements
28805,~Hack~ Red City,Hack,10,1,local,1,,0,,0,,retroachievements
28857,~Hack~ Super Mario Flash: SMW Remake,Hack,23,1,local,1,,0,,0,,retroachievements
29003,~Hack~ Scary Bosses and Nice Sprites,Hack,16,1,local,1,,0,,0,,retroachievements
29036,~Hack~ ~Demo~ Super Mario Bros. CD Speedrun Edition,Hack/Demo,9,1,local,1,,0,,0,,retroachievements
29045,~Hack~ Hack 7,Hack,29,1,local,1,,0,,0,,retroachievements
29083,~Hack~ Orcus,Hack,30,1,local,1,,0,,0,,retroachievements
29085,~Hack~ Marvel Quiz Quest,Hack,30,2,local,2,,0,,0,,retroachievements
29091,~Hack~ Iron Man: Mushroom Avenger,Hack,23,1,local,1,,0,,0,,retroachievements
29325,~Hack~ UP The Romhack,Hack,11,1,local,1,,0,,0,,retroachievements
29748,F-Zero [Subset - BS F-Zero Deluxe],Official,67,2,local,2,,0,,0,,retroachievements
29793,~Hack~ slurdgery,Hack,26,1,local,1,,0,,0,,retroachievements
29827,~Hack~ Eikro: The Children of Darloum,Hack,21,1,local,1,,0,,0,,retroachievements
29829,~Hack~ Grand Poo World 3,Hack,76,1,local,1,,0,,0,,retroachievements
29846,~Hack~ 20 Challenges: Episode 1 - A feard enemy,Hack,31,1,local,1,,0,,0,,retroachievements
29855,~Hack~ Lurn 2 Shell,Hack,75,1,local,1,,0,,0,,retroachievements
29856,~Hack~ Super Mario Kart: Horizons,Hack,80,1,local,1,,0,,0,,retroachievements
29921,~Hack~ Fulfill the Dream,Hack,28,1,local,1,,0,,0,,retroachievements
29923,~Hack~ 2Kaizo2Learn,Hack,79,1,local,1,,0,,0,,retroachievements
30060,Final Fantasy VI [Subset - LLNMG + CESNMG],Official,85,1,unmatched,0,,0,,0,,
30061,~Hack~ Final Fantasy VI: Brave New World [Subset - Berserker New World],Hack,66,1,local,1,,0,,0,,retroachievements
30062,Super Mario RPG: Legend of the Seven Stars [Subset - Lv3 Run],Official,34,4,unmatched,0,,0,,0,,
30132,~Hack~ Shell's Kitchen: Leo/Nico's Journey,Hack,35,2,local,2,,0,,0,,retroachievements
30141,~Hack~ Advanced Shells,Hack,38,1,local,1,,0,,0,,retroachievements
30142,~Hack~ Advanced Shells II,Hack,27,1,local,1,,0,,0,,retroachievements
30143,~Hack~ Advanced Shells III,Hack,16,1,local,1,,0,,0,,retroachievements
30153,Cosmo Gang: The Video [Subset - Multiplayer],Official,19,1,local,1,,0,,0,,retroachievements
30254,~Hack~ Easyland,Hack,18,1,local,1,,0,,0,,retroachievements
30513,~Hack~ Cuter Kaizo World,Hack,17,1,local,1,,0,,0,,retroachievements
30703,~Hack~ Super Nantucket World,Hack,12,1,local,1,,0,,0,,retroachievements
30732,~Hack~ 20 Challenges: Episode 2 - Witchcraft,Hack,27,1,local,1,,0,,0,,retroachievements
30733,~Hack~ We Like It Here,Hack,54,1,local,1,,0,,0,,retroachievements
30879,~Hack~ Moon Finder,Hack,50,1,local,1,,0,,0,,retroachievements
30891,~Hack~ Gambol,Hack,24,1,local,1,,0,,0,,retroachievements
30892,~Hack~ Gambol 2,Hack,20,1,local,1,,0,,0,,retroachievements
30897,~Hack~ Ilusiyellow?,Hack,7,1,local,1,,0,,0,,retroachievements
30906,~Hack~ Reverie,Hack,44,2,unmatched,0,,0,,0,,
30908,~Hack~ Flutter,Hack,54,1,local,1,,0,,0,,retroachievements
30917,~Hack~ Antinomia: Final Fantasy VI,Hack,81,1,local,1,,0,,0,,retroachievements
30918,~Hack~ ReCast FF3: War of the Magitek,Hack,108,1,local,1,,0,,0,,retroachievements
30919,~Hack~ I Wanna Be The ROM Hack: Prototype,Hack,12,1,local,1,,0,,0,,retroachievements
30938,~Hack~ Simpatico,Hack,36,2,local,2,,0,,0,,retroachievements
31166,~Hack~ Final Fantasy VI: A Soldier's Contingency [Subset - Insane Mode],Hack,77,2,unmatched,0,,0,,0,,
31180,~Hack~ Final Fantasy VI: A Soldier's Contingency [Subset - Beast Hunter],Hack,155,2,unmatched,0,,0,,0,,
31183,~Hack~ Zombies Ate My Neighbors: Out of This World Experience,Hack,30,1,unmatched,0,,0,,0,,
31184,~Hack~ Super Go-Kart Racing,Hack,52,1,local,1,,0,,0,,retroachievements
31202,~Hack~ Kamek's Revenge,Hack,72,1,local,1,,0,,0,,retroachievements
31305,~Hack~ Final Fantasy VI: Presentiment Era,Hack,64,2,local,2,,0,,0,,retroachievements
31358,~Hack~ A Goblin's Quest to Leave Her House and Get a Gyro for Lunch,Hack,44,1,local,1,,0,,0,,retroachievements
31359,~Hack~ Mario Left the Garage Door Open Again,Hack,41,1,local,1,,0,,0,,retroachievements
31906,~Hack~ Daisy's Crazy Adventure,Hack,17,1,unmatched,0,,0,,0,,
31924,~Hack~ New Nightmare Cafe I-V,Hack,36,5,local,5,,0,,0,,retroachievements
31925,~Hack~ Super Metroid Arcade,Hack,67,1,local,1,,0,,0,,retroachievements
32069,~Hack~ DKC X Mario,Hack,63,1,unmatched,0,,0,,0,,
32123,~Hack~ VIP and Wall Mix 4,Hack,84,2,local,2,,0,,0,,retroachievements
32135,Kirby's Dream Course [Subset - 2P Courses],Official,27,1,unmatched,0,,0,,0,,
32376,~Hack~ Sauna Mario World 2,Hack,45,2,unmatched,0,,0,,0,,
32533,~Hack~ 20 Challenges: Episode 3 - The tale from a bone,Hack,26,1,local,1,,0,,0,,retroachievements
32655,~Hack~ Final Fantasy VI: General Leo Edition,Hack,74,2,local,2,,0,,0,,retroachievements
32656,~Hack~ Amazing,Hack,20,1,local,1,,0,,0,,retroachievements
32659,~Hack~ Final Fantasy VI Reimagined,Hack,111,1,unmatched,0,,0,,0,,
32712,~Hack~ Play to Win,Hack,73,1,local,1,,0,,0,,retroachievements
32725,~Hack~ Final Fantasy C2,Hack,65,2,unmatched,0,,0,,0,,
32731,~Hack~ Final Fantasy IV: The Darkness Within,Hack,46,1,unmatched,0,,0,,0,,
32738,~Hack~ Final Fantasy IV: Daughter of Darkness and Light,Hack,30,1,unmatched,0,,0,,0,,
32795,~Hack~ RetroAchievements Vanilla Level Design Contest Vol. 1,Hack,120,1,local,1,,0,,0,,retroachievements
32797,~Hack~ Easyland 2,Hack,19,1,local,1,,0,,0,,retroachievements
32804,EarthBound [Subset - Low Level Run],Official,27,1,local,1,,0,,0,,retroachievements
32805,~Hack~ SMW Friends and Rivalry,Hack,55,4,unmatched,0,,0,,0,,
32841,~Hack~ Cube´s Kaizo World 1-4,Hack,40,4,local,4,,0,,0,,retroachievements
32843,~Hack~ Awful Fantasy III,Hack,88,2,local,2,,0,,0,,retroachievements
32932,~Hack~ Terranigma: Boss Rush,Hack,15,1,local,1,,0,,0,,retroachievements
32950,Kirby's Dream Course [Subset - Hole In One],Official,68,1,unmatched,0,,0,,0,,
33043,~Hack~ Zombies Ate My Neighbors: The Terrifying Time Trials of Dr. Tongue,Hack,26,1,local,1,,0,,0,,retroachievements
33096,~Hack~ Final Fantasy 6: A Complete Hack,Hack,80,1,local,1,,0,,0,,retroachievements
33392,~Hack~ Chronoclasm,Hack,22,1,local,1,,0,,0,,retroachievements
33412,~Hack~ Metroid: Galactic Marine,Hack,12,1,local,1,,0,,0,,retroachievements
33521,"~Hack~ Law & Order: Mushroom Kingdom Unit - Pilot Episode - Tragic Fox ""Tails""",Hack,24,1,unmatched,0,,0,,0,,
33607,~Hack~ 20 Challenges: Episode 4 - Temple of the elements,Hack,31,1,local,1,,0,,0,,retroachievements
33613,~Hack~ Final Fantasy II: Job System,Hack,40,1,local,1,,0,,0,,retroachievements
33663,~Hack~ Get Rich Quick,Hack,78,1,local,1,,0,,0,,retroachievements
33771,~Hack~ Brave New World 2,Hack,43,1,local,1,,0,,0,,retroachievements
33776,~Hack~ Final Fantasy VI: SPX Version,Hack,84,1,local,1,,0,,0,,retroachievements
33777,~Hack~ Super Mario Essex,Hack,36,1,local,1,,0,,0,,retroachievements
33968,~Hack~ Final Fantasy VI: BA Edition,Hack,87,1,local,1,,0,,0,,retroachievements
34056,~Hack~ Fail World,Hack,56,1,local,1,,0,,0,,retroachievements
34086,~Hack~ FF2us Impossible,Hack,31,1,local,1,,0,,0,,retroachievements
34088,~Hack~ Final Fantasy IV: T-Edition,Hack,57,1,unmatched,0,,0,,0,,
34093,~Hack~ Final Fantasy VI: Brave New World Final Frontier,Hack,103,1,local,1,,0,,0,,retroachievements
34233,Super Mario World [Subset - Sub 90-Minute 96 Exit Speedrun],Official,11,1,local,1,,0,,0,,retroachievements
34433,~Hack~ Super Metroid: X-Fusion,Hack,98,1,unmatched,0,,0,,0,,
34490,~Hack~ Meeple Fantasy 6,Hack,90,1,unmatched,0,,0,,0,,
34495,~Hack~ Chomper Ville,Hack,6,2,local,2,,0,,0,,retroachievements
34497,Super Mario All-Stars [Subset - Super Mariothon],Official,14,1,local,1,Super Mario All-Stars + Super Mario World (USA),2,Super Mario All-Stars + Super Mario World (USA),0,,"nointro,retroachievements"
34878,~Hack~ Yosamikalo,Hack,17,2,local,2,,0,,0,,retroachievements
34882,~Hack~ Crash Bandicoot and the Retro Dimension,Hack,54,4,unmatched,0,,0,,0,,
34888,~Hack~ 20 Challenges: Episode 5 - Community Vibe,Hack,30,1,unmatched,0,,0,,0,,
35376,~Hack~ Final Fantasy VI: Omega-A,Hack,57,1,unmatched,0,,0,,0,,
35593,~Hack~ Fresh Hops,Hack,15,1,local,1,,0,,0,,retroachievements
35594,~Hack~ Fresh Hops 2,Hack,55,2,local,1,,0,,0,,retroachievements
35867,~Hack~ Bound to the Dark World,Hack,25,1,local,1,,0,,0,,retroachievements
36329,~Hack~ Super Alabama Beach Mouse,Hack,10,1,local,1,,0,,0,,retroachievements
36930,~Hack~ Final Fantasy VI: Hope Eternal and Love Everlasting,Hack,113,1,unmatched,0,,0,,0,,
37280,~Hack~ Easyland 3,Hack,21,2,local,1,,0,,0,,retroachievements
37914,~Hack~ Grand Poo World 3 [Subset - Tower of Fate Hard Mode],Hack,12,1,unmatched,0,,0,,0,,
37920,~Hack~ The Mario's Travel 2,Hack,9,1,unmatched,0,,0,,0,,
37921,~Hack~ TMT 1,Hack,11,1,unmatched,0,,0,,0,,
38027,~Hack~ Nachos and Fried Oreos,Hack,21,1,unmatched,0,,0,,0,,
38028,~Hack~ Attempt at a Normal Hack,Hack,33,1,unmatched,0,,0,,0,,
38058,~Hack~ ~Demo~ Jigsaw's Test,Hack/Demo,6,1,unmatched,0,,0,,0,,
38068,~Hack~ Super Mario Kart: Horizons [Subset - Hard Mode],Hack,13,0,unmatched,0,,0,,0,,
38076,Heracles no Eikou IV: Kamigami Kara no Okurimono [Subset - Endless Bosses],Official,39,1,unmatched,0,,0,,0,,
38105,~Hack~ Shellax,Hack,8,1,unmatched,0,,0,,0,,
38106,~Hack~ Shellab,Hack,25,1,unmatched,0,,0,,0,,
38108,~Hack~ The Mario's Travel 3,Hack,10,1,unmatched,0,,0,,0,,
38254,Shin Megami Tensei II [Subset - Fusion Compendium],Official,267,0,unmatched,0,,0,,0,,
38563,Romancing SaGa 3 [Subset - Rare Drops],Official,60,1,unmatched,0,,0,,0,,
38565,The Legend of Zelda: A Link to the Past [Subset - Low%],Official,14,1,unmatched,0,,0,,0,,
38645,~Hack~ Baby Kaizo World 2,Hack,42,1,unmatched,0,,0,,0,,
38654,~Hack~ Nemesis,Hack,34,1,unmatched,0,,0,,0,,
38725,~Hack~ Earthbound Beginnings Remake,Hack,48,1,unmatched,0,,0,,0,,
39042,~Hack~ Super Mario Worldle,Hack,7,1,unmatched,0,,0,,0,,
39140,~Hack~ Super Metroid: X-Fusion [Subset - Omega],Hack,18,1,unmatched,0,,0,,0,,
41194,~Hack~ ESCAPE FROM LA PLUME,Hack,29,1,unmatched,0,,0,,0,,
41207,~Hack~ Nays Nice Hack,Hack,35,1,unmatched,0,,0,,0,,
41222,~Hack~ Le plume,Hack,30,1,unmatched,0,,0,,0,,
41224,~Hack~ Super Magro World for Super Nintendo,Hack,17,1,unmatched,0,,0,,0,,
41272,~Hack~ Journey to Kaizo,Hack,103,1,unmatched,0,,0,,0,,
41275,~Hack~ Rockman X3: Anti-Tasverick,Hack,53,1,unmatched,0,,0,,0,,
43627,~Hack~ Donkey Kong Country: Forbidden Fruit,Hack,58,1,unmatched,0,,0,,0,,
44295,~Hack~ ~Demo~ Super Geometry Dash World,Hack/Demo,7,1,unmatched,0,,0,,0,,
